0,1,2,3,4,5,6,7,8,9,10,11,12,13,14,15,16,17,18,19,20,21,22,23,24
AAPL,1.166,1.3257,1.2849,1.1771,1.0661,1.1988,1.3265,1.1267,1.7854,1.3536,1.6856,1.1728,1.2934,1.2924,1.1113,1.0898,1.0775,1.0599,1.2356,1.0811,1.0578,0.936,1.1228,1.2133
ACN,1.0612,1.0529,1.0357,1.0178,0.952,0.8744,0.8186,0.9917,0.9131,0.9743,0.5576,1.0588,0.5887,0.9404,0.9748,0.9972,1.0058,1.1785,1.0383,1.1849,1.1646,1.1128,1.0696,0.9855
ADBE,0.7671,0.891,0.8218,0.7751,0.7779,0.7928,0.8873,0.7477,0.9973,1.2066,1.3137,0.7598,1.2843,1.1438,1.1612,1.181,0.795,1.2025,1.1817,1.1557,1.233,1.0618,1.1522,1.1511
ADI,1.064,0.9986,1.0138,1.0564,1.3273,1.4653,1.4375,1.1328,1.4961,1.6488,2.3922,1.0668,2.2184,1.6761,1.676,1.6855,1.2569,1.2891,1.6245,1.2619,1.3258,1.2067,1.4731,1.5789
ADP,0.5586,0.5053,0.5988,0.6533,0.6968,0.682,0.7357,0.5811,0.6998,0.796,0.5226,0.5585,0.5513,0.7809,0.767,0.793,0.7026,1.0305,0.8516,1.0388,0.9908,1.0577,0.9049,0.8287
ADS,2.9537,2.7671,2.9592,3.0894,3.2301,3.1848,2.5892,3.2522,1.4364,1.9119,1.5077,2.9232,1.8819,1.8497,1.7797,1.7545,3.3751,1.9631,1.686,2.0082,1.7977,2.0422,1.7435,1.6266
ADSK,1.1887,1.2199,1.2238,1.1836,1.3027,1.2919,1.338,1.3416,1.1973,1.5565,1.6659,1.1981,1.7521,1.417,1.5766,1.5718,1.4494,1.7744,1.6564,1.6972,1.8389,1.6026,1.8442,1.6068
AKAM,0.4291,0.3694,0.276,0.2205,0.2409,0.2859,0.3451,0.2226,0.8588,0.9791,0.7622,0.427,0.7693,1.0007,0.9227,0.925,0.2107,0.8022,0.9005,0.7212,0.902,0.6219,0.8799,0.8813
AMAT,1.334,0.9184,0.9335,0.9252,1.1565,1.1885,1.5899,1.077,1.3961,1.7478,1.8645,1.3232,1.8793,1.7905,1.8772,1.8809,1.0962,1.568,1.7293,1.5212,1.6375,1.3627,1.6067,1.7157
AMD,1.2097,1.1941,1.1247,1.0002,0.6881,0.7683,0.795,0.9967,1.1144,1.6811,0.9609,1.1558,1.6278,1.6578,2.3203,2.3722,0.6487,3.5915,2.6305,3.7695,3.4302,4.1505,3.009,2.7023
ANET,0.752,0.286,0.3044,0.2439,0.4338,0.619,0.5261,0.5603,1.5013,1.4395,2.0768,0.7585,1.7294,1.6843,1.6947,1.6802,0.3548,1.4737,1.6838,1.4876,1.3868,1.0907,1.7434,1.6336
ANSS,0.8474,0.9089,0.8603,0.8305,0.8958,0.962,1.0836,0.8234,1.558,1.532,1.4787,0.8596,1.535,1.4669,1.734,1.722,0.8303,1.7369,1.7862,1.7211,1.7371,1.6475,1.6999,1.7236
APH,1.3094,1.3112,1.3569,1.3929,1.4866,1.5017,1.4569,1.4919,1.4443,1.2532,1.7917,1.2873,1.5165,1.2572,1.1482,1.1141,1.4693,0.8886,1.0695,0.9288,0.8967,0.8578,1.0503,1.1037
AVGO,1.0018,0.986,0.9701,1.0564,1.1619,1.3288,1.4506,1.042,1.9736,0.8995,2.3113,1.0209,1.8493,0.882,0.9757,0.9953,1.0998,0.1703,0.9083,0.2062,0.1881,0.2136,0.6396,0.8153
BR,0.9457,1.0219,1.0611,1.0764,1.0328,0.8656,0.603,1.0954,0.5725,0.4196,-0.012,0.9491,0.0344,0.4292,0.6198,0.6362,1.0889,1.0711,0.8089,0.9356,1.1822,0.884,0.849,0.7745
CDNS,0.7695,0.8982,0.8978,0.8691,0.9915,0.993,0.7462,1.0215,1.3419,1.2068,1.6678,0.8149,1.5275,1.1959,1.1184,1.1513,0.9665,0.8596,1.0776,0.9176,0.8865,0.9123,1.0282,1.0393
CDW,0.968,1.0559,1.0959,1.1989,1.3919,1.4259,1.5162,1.2909,1.5526,1.2211,1.5918,0.9566,1.0186,1.2285,1.0494,1.0403,1.3596,0.8687,1.008,0.9098,0.907,0.8157,0.9154,0.9918
CRM,1.2047,1.4085,1.3634,1.3118,0.8936,0.9038,0.9044,0.9645,0.6644,0.7767,0.6517,1.1483,0.9618,0.7752,0.9372,0.9611,0.9907,1.1764,1.0504,1.1878,1.1534,1.1288,1.1868,1.0264
CSCO,0.7817,0.5327,0.503,0.4685,0.7503,0.6671,0.6498,0.7185,1.2378,1.12,1.2892,0.7829,1.2905,1.2078,1.1438,1.1304,0.7282,1.0534,1.0911,1.0836,1.0396,0.892,1.1277,1.048
CTSH,1.1072,1.1971,1.2251,1.3135,1.256,1.4369,1.1442,1.4551,0.7606,1.2072,1.2765,1.1118,1.3561,1.1877,1.176,1.1828,1.3322,1.0232,1.1285,0.9988,1.0052,0.8687,1.2112,1.1351
CTXS,-0.2988,-0.4985,-0.6188,-0.7407,-0.6008,-0.4025,-0.5717,-0.6935,1.1101,0.6011,0.7307,-0.2797,0.6037,0.6005,0.6133,0.5957,-0.6566,0.6186,0.6364,0.6169,0.6252,0.6162,0.6539,0.6708
DXC,2.4388,2.6847,2.7555,2.8126,3.0454,3.2985,3.222,3.0432,3.5637,2.927,4.3831,2.4836,4.0948,2.6028,2.4819,2.5096,3.0511,1.9246,2.314,1.8702,1.9092,1.733,2.2416,2.3197
FFIV,1.1531,0.972,1.0481,1.0269,1.319,1.4322,0.9373,1.2,1.1538,1.0224,1.944,1.1721,1.4118,1.0244,1.0519,1.0121,1.2813,0.7433,1.0339,0.7789,0.7332,0.7098,0.9116,1.0158
FIS,0.9524,0.8059,0.7244,0.7331,0.6668,0.5633,0.5653,0.7281,0.1635,0.2217,-0.0766,0.924,-0.0854,0.2045,0.3286,0.3467,0.6868,0.5291,0.3689,0.525,0.5134,0.5646,0.3449,0.3187
FISV,0.8902,0.7115,0.6862,0.7608,0.8301,0.8147,0.8933,0.7748,0.7243,0.8092,0.4229,0.878,0.6611,0.7594,0.7616,0.7868,0.7999,0.9056,0.8006,0.8973,0.8317,0.8769,0.7707,0.7607
FLIR,1.5579,1.6496,1.6762,1.7489,2.0298,1.9702,1.6488,1.9326,1.5551,1.1241,1.3747,1.6042,1.4437,1.1218,1.501,1.4792,1.9847,1.5994,1.5492,1.5591,1.6803,1.5432,1.6066,1.6257
FLT,1.7317,1.6992,1.7004,1.7462,1.8294,1.7408,1.5205,1.8028,0.9544,0.7051,0.5085,1.7332,0.6294,0.7012,0.9186,0.9487,1.8609,0.9273,0.9226,0.8959,0.938,0.7916,0.9072,0.9119
FTNT,0.6953,0.7643,0.7214,0.6122,0.8463,0.9284,1.2894,0.7994,2.1202,1.5983,2.5168,0.7575,2.1544,1.3508,1.3219,1.339,0.8806,1.3014,1.5892,1.2685,1.3273,1.0921,1.6771,1.5439
GLW,1.0612,0.9612,0.9662,0.998,1.0048,0.9836,1.0543,1.069,1.2262,1.1086,1.5253,1.0301,1.4945,1.1512,1.1242,1.1165,0.92,1.1189,1.0644,1.1666,1.0022,1.2153,1.0825,1.1998
GPN,1.2739,1.1142,1.072,1.1277,1.1972,1.0214,1.0439,1.208,0.4601,0.7056,0.2889,1.2963,0.3923,0.679,0.8415,0.8714,1.2269,1.1715,0.8994,1.1659,1.1833,0.9571,0.961,0.8636
HPE,1.182,0.8296,0.8375,0.8833,0.996,1.0916,1.4083,0.9263,1.2446,1.488,1.5682,1.2065,1.7122,1.5658,1.4138,1.3788,0.9292,1.2738,1.4108,1.2977,1.2547,1.037,1.4264,1.4309
HPQ,0.6758,0.4739,0.4343,0.4262,0.4947,0.5466,1.1853,0.4208,1.1516,1.1857,1.3863,0.7099,1.3719,1.0439,0.9785,0.9595,0.4255,0.8008,0.93,0.829,0.8044,0.932,0.7909,0.9255
IBM,0.9148,0.8672,0.8313,0.8629,0.9942,1.0476,1.0202,0.9266,0.9891,1.2495,1.0088,0.9139,1.4596,1.2978,1.6749,1.6576,0.95,1.7609,1.5957,1.7222,1.6742,1.6994,1.6194,1.5767
INTC,0.6032,0.5308,0.468,0.4957,0.7597,0.9026,0.8945,0.4856,1.4254,0.8914,1.452,0.6081,1.0749,0.9106,0.7683,0.7416,0.7181,0.4454,0.6957,0.3798,0.363,0.1877,0.5424,0.6486
INTU,1.06,1.0833,1.0663,1.0546,0.9631,0.9055,0.6403,0.9453,0.3616,0.7424,0.3468,1.0702,0.5904,0.7741,0.8559,0.8985,0.9689,1.1453,0.9455,1.1053,1.026,1.0012,0.9319,0.9055
IPGP,0.8014,0.8196,0.8717,0.9394,1.3067,1.4454,1.6057,1.1893,2.1378,2.7413,3.6223,0.812,3.2286,2.7805,2.6325,2.6069,1.1419,1.9325,2.6263,1.9009,2.0441,1.6206,2.222,2.4272
IT,1.6157,1.4416,1.4638,1.5013,1.5562,1.4815,1.452,1.5437,1.3563,1.1881,0.8561,1.6238,0.8601,1.1925,1.1044,1.0812,1.5729,1.32,1.1372,1.2573,1.2998,1.4677,1.2015,1.1464
JKHY,0.1789,0.0936,0.0321,0.0083,0.1399,0.2349,0.2526,0.0973,0.5444,0.9052,0.8521,0.1833,0.8305,0.8423,0.8401,0.839,0.1567,0.9725,1.0187,0.9192,0.997,1.0212,1.1217,1.014
JNPR,1.0014,0.9766,0.9532,0.8576,1.0114,0.9693,0.9517,1.025,1.2314,0.8431,1.6581,1.0078,1.0919,0.8378,0.7111,0.6806,0.9636,0.3394,0.6467,0.401,0.3699,0.3637,0.5158,0.6029
KEYS,0.741,0.6522,0.7037,0.7403,0.9586,1.0367,0.9554,0.7361,0.9843,1.2675,1.76,0.7716,1.8092,1.2985,1.4876,1.5087,0.7896,1.4014,1.6019,1.2979,1.2808,1.2295,1.4134,1.5391
KLAC,1.0648,0.7768,0.797,0.756,0.8404,1.0599,1.1665,0.744,1.5548,1.599,1.8243,1.0454,1.7838,1.7258,1.761,1.7547,0.7978,1.6552,1.7693,1.6558,1.6335,1.4963,1.7659,1.8048
LDOS,0.7011,0.469,0.4349,0.4428,0.5602,0.5018,0.6817,0.4873,0.3399,1.0563,0.4967,0.7005,0.5336,1.0489,1.0725,1.092,0.51,1.3754,1.131,1.3033,1.4795,1.2185,1.2915,1.2065
LRCX,1.0672,0.7222,0.7536,0.739,0.8666,1.0406,1.528,0.9876,1.4059,1.8436,1.7209,1.0503,1.9629,1.9748,1.8401,1.8232,0.9278,1.6183,1.702,1.5015,1.7179,1.4372,1.7921,1.7181
MA,1.2951,1.2786,1.2073,1.1967,1.0664,0.9691,1.0096,1.0663,0.7267,0.7812,0.4682,1.2988,0.6947,0.7743,0.9458,0.9726,1.0859,1.1828,1.0271,1.1737,1.1976,1.0857,1.0757,0.9949
MCHP,1.7546,1.6142,1.6493,1.6483,1.7874,1.8884,1.9033,1.7248,1.8504,1.4931,2.4596,1.7273,2.1169,1.5825,1.7524,1.7383,1.8618,1.2899,1.5805,1.2366,1.4526,1.2005,1.5857,1.5535
MSFT,0.6158,0.6935,0.6633,0.5937,0.6085,0.6895,0.6958,0.5641,0.9262,0.8667,0.9589,0.612,0.7306,0.8617,0.9071,0.9162,0.6176,0.9137,0.9417,0.9301,0.9729,0.8743,0.9717,0.962
MSI,0.7965,0.7993,0.8182,0.8879,0.8111,0.7724,0.865,0.7087,0.3089,0.6749,0.2342,0.7893,0.174,0.7232,0.8149,0.8521,0.7342,1.0351,0.9159,1.0498,1.0037,0.7318,0.8692,0.9128
MU,0.9733,0.6806,0.7439,0.8111,1.1473,1.4459,1.6566,0.9589,1.6513,2.1699,2.3756,1.0062,2.3796,2.2521,2.2217,2.2544,1.0586,2.1596,2.2481,2.013,2.0867,1.7401,2.0524,2.1918
MXIM,1.0111,0.8799,0.9039,0.9171,1.042,1.101,1.2658,1.0345,1.4808,1.2631,1.7939,1.0083,1.5266,1.3597,1.4056,1.3906,0.9727,1.1024,1.322,1.0826,1.1898,1.0393,1.2298,1.3274
NLOK,0.1948,0.5136,0.4857,0.3594,0.4139,0.7392,0.7202,0.2793,1.0018,1.7963,2.0561,0.2361,1.9773,0,0,0,0.2497,0,0,0,0,0,0,0
NOW,0.923,1.1108,1.1009,1.1137,1.1294,1.0935,0.9355,1.1855,0.812,1.251,0.9013,0.9105,1.5899,1.1732,1.2164,1.2446,1.1965,1.4009,1.2385,1.3719,1.4142,1.2334,1.3463,1.2066
NTAP,1.0157,0.8324,0.8738,0.8426,0.9425,1.0695,1.3105,0.9243,1.9265,1.5444,2.3222,1.0931,1.9228,1.4606,1.2793,1.2361,0.9393,1.0039,1.2437,0.9578,1.0287,0.9683,1.295,1.2321
NVDA,0.5776,0.7131,0.6342,0.5818,0.5903,0.8504,0.9586,0.4883,1.367,2.1128,2.7677,0.533,2.1781,2.0544,2.1626,2.1483,0.4696,2.0465,2.2997,1.9708,1.988,1.7993,2.1041,2.2878
ORCL,0.3832,0.4224,0.3913,0.4433,0.6059,0.6815,0.6538,0.4936,1.087,1.2029,1.3617,0.4282,1.4243,1.2145,1.1389,1.1266,0.5087,0.9504,1.0551,1.0323,0.9326,1.009,1.0106,1.088
PAYC,1.3851,1.583,1.6805,1.7838,1.9178,1.7117,1.5782,1.8171,0.9118,1.2551,0.5985,1.3955,1.1128,1.0457,1.4086,1.4938,2.0162,2.3263,1.8179,2.2405,2.2532,1.984,2.0333,1.7845
PAYX,0.9097,0.8626,0.9035,0.9931,0.9236,0.7584,0.8003,0.9638,0.3525,0.5367,-0.0259,0.8996,0.2439,0.5564,0.7365,0.7407,1.0463,1.2088,0.75,1.2514,1.181,1.2287,0.9644,0.736
PYPL,1.3292,1.4104,1.3636,1.3491,1.3505,1.1315,0.7176,1.4747,0.6224,0.5664,0.6858,1.3342,0.686,0.5632,0.6005,0.6287,1.4639,0.716,0.691,0.759,0.7437,0.7481,0.7153,0.6601
QCOM,1.1828,1.139,1.1669,1.1839,1.0745,1.3139,1.9261,1.109,2.485,1.1305,3.0112,1.1657,1.5344,1.136,1.2772,1.2978,1.0317,0.4675,1.3573,0.5918,0.9877,0.5079,1.3812,1.4217
QRVO,1.3957,1.4158,1.4108,1.4373,1.5349,1.7375,1.8701,1.6222,1.9895,1.5783,2.5457,1.3831,1.8965,1.3354,1.173,1.1636,1.5967,0.8667,1.1278,0.9678,0.879,0.6832,1.0461,1.1103
SNPS,0.9067,1.0418,1.0313,1.0178,1.0076,0.9408,0.6724,0.9505,0.7586,0.9275,0.6299,0.9392,0.7503,0.9476,1.0837,1.1135,1.0096,1.2979,1.2312,1.2787,1.2733,1.3006,1.2276,1.2164
STX,0.5907,0.2841,0.2855,0.3352,0.4421,0.5825,0.7927,0.2176,1.5916,1.3102,1.3629,0.6078,1.3864,1.3602,1.5042,1.4843,0.2962,1.3133,1.5553,1.1447,1.2845,1.097,1.3735,1.4842
SWKS,0.8962,1.1568,1.1433,1.1493,1.4046,1.6093,1.8845,1.3976,2.6035,1.8732,3.2278,0.8852,2.5039,1.8261,1.5477,1.5337,1.3812,0.8574,1.415,0.8982,0.8858,0.5168,1.1806,1.3607
TEL,1.4195,1.4015,1.4108,1.486,1.4976,1.4559,1.686,1.4601,1.5862,1.0278,1.7812,1.4195,1.5014,1.0348,1.23,1.2312,1.4352,0.814,1.1959,0.8076,0.9903,0.7218,1.0928,1.2045
TXN,0.9323,0.9437,0.9522,0.9909,0.9902,1.0752,1.1079,0.9267,1.2008,1.0064,1.4735,0.9159,1.2352,1.0482,1.2478,1.244,0.9726,1.0431,1.2131,1.0612,1.1149,1.0044,1.1409,1.1804
V,1.0193,0.9468,0.908,0.8888,0.8802,0.8019,0.8446,0.7991,0.7821,0.6363,0.6131,1.0189,0.4659,0.6445,0.7475,0.7765,0.8599,0.8499,0.8167,0.868,0.8588,0.7833,0.8061,0.808
VRSN,0.6971,0.742,0.712,0.7019,0.8041,0.7566,0.6143,0.7472,0.7865,0.8561,0.6297,0.7167,0.9981,0.9126,1.0531,1.0951,0.7608,1.2998,1.0957,1.2844,1.2955,1.2915,1.1691,1.096
WDC,1.1799,1.033,1.0754,1.1069,1.5134,1.8681,2.3768,1.1966,2.6381,2.4512,3.022,1.2284,2.9293,2.5728,2.8348,2.8395,1.2806,2.1924,2.7781,2.0208,2.2047,1.7854,2.3328,2.647
WU,1.1679,1.1095,1.0897,1.0567,1.0062,0.9252,1.2273,1.1205,1.036,0.5921,0.2146,1.1523,0.2419,0.5701,0.6264,0.6153,1.0714,0.6098,0.5778,0.6009,0.6508,0.6704,0.5562,0.5496
XLNX,0.7425,0.5194,0.5941,0.6249,0.8023,0.8735,0.7002,0.7501,1.0843,1.872,2.0565,0.7096,2.6125,1.9229,1.4998,1.5487,0.6889,1.4622,1.4813,1.4731,1.2499,1.4615,1.4954,1.5065
XRX,1.4904,1.3027,1.3224,1.4182,1.4166,1.4849,2.2547,1.3389,1.6681,2.8961,1.989,1.5154,2.8758,2.8498,2.2765,2.281,1.2677,2.3179,2.2132,2.313,2.2703,2.3482,2.256,2.2267
ZBRA,1.5725,1.3227,1.4269,1.3585,1.6038,1.7065,1.5968,1.4705,2.1039,1.8143,2.601,1.5507,2.0912,1.8527,1.6628,1.6766,1.4688,1.4469,1.8093,1.4359,1.3413,1.1568,1.5599,1.7273
APA,6.7218,7.1841,7.1689,7.0725,7.5312,7.7563,3.5524,7.7467,1.6447,2.4018,2.0431,6.6459,2.6176,2.4,2.3973,2.3228,8.0785,2.2728,2.244,2.0724,2.1536,2.3642,2.2661,2.2395
BKR,2.2129,2.1421,2.2567,2.3227,2.6901,2.4739,2.156,2.5659,2.1012,1.1746,1.9134,2.2179,1.6192,1.1169,0,0,2.6634,0,0,0,0,0,0,0
COG,0.0587,0.05,0.0674,-0.0278,-0.0829,0.018,-0.9565,0.0558,-0.0224,0.6029,0.2086,0.0187,0.5428,0.745,0.3655,0.3498,-0.0384,0.5468,0.3122,0.5339,0.5035,0.6616,0.5506,0.3289
COP,2.426,2.1837,2.1778,2.1733,2.3849,2.2932,1.8671,2.3059,1.3716,0.8202,1.0926,2.4025,1.0692,0.7379,0.7761,0.7359,2.4941,0.8169,0.6875,0.7229,0.7332,0.8538,0.7241,0.715
CVX,1.6832,1.4771,1.5058,1.4671,1.6233,1.5572,1.2014,1.4944,0.9866,0.7941,0.9295,1.6566,0.7723,0.8175,0.8913,0.8945,1.6027,0.7859,0.8093,0.7501,0.7361,0.8212,0.7124,0.7943
DVN,3.9714,3.7246,3.7609,3.8502,4.1624,4.2906,3.2199,4.0437,2.7827,2.2234,3.0337,3.9601,2.8098,2.1532,2.1854,2.1448,4.2799,1.9176,2.0084,1.8146,1.8901,1.9925,1.9474,2.0149
EOG,2.4826,2.2524,2.2953,2.2398,2.5821,2.5091,2.3363,2.4213,1.87,1.6882,2.1344,2.4675,2.0765,1.685,1.7106,1.7062,2.5685,1.4209,1.5644,1.3348,1.4149,1.5389,1.4791,1.5888
FANG,3.749,3.3677,3.3819,3.3785,3.5919,3.4425,2.534,3.4961,1.4444,1.2523,1.3845,3.7717,1.3171,1.3576,1.4529,1.4848,3.669,1.3235,1.3875,1.2568,1.3503,1.2257,1.3174,1.3808
FTI,2.8984,2.4339,2.4404,2.4594,2.6307,2.7202,2.6945,2.5454,1.9164,1.8728,2.4265,2.9136,2.2721,1.9241,1.9825,2.0002,2.4311,1.4484,1.876,1.3477,1.4904,1.4764,1.5657,1.8544
HAL,3.5639,3.6195,3.69,3.6173,3.6737,3.6481,3.2016,3.7837,2.5641,2.039,2.7277,3.558,2.7034,1.9592,1.8013,1.7869,3.8611,1.3203,1.6592,1.2371,1.3089,1.3523,1.5576,1.6109
HES,2.1842,2.0673,2.0787,2.0955,2.3949,2.4592,1.9404,2.2655,1.1603,2.4154,1.8408,2.2018,2.3615,2.5348,2.5197,2.5477,2.4207,2.6521,2.5175,2.4777,2.6208,2.5711,2.5035,2.4512
HFC,2.0149,1.7694,1.8219,1.7805,2.271,2.4315,2.1809,2.0034,2.466,1.8525,2.2178,2.0486,1.9739,1.9342,1.6305,1.5498,2.1323,1.2944,1.5129,1.1413,1.2541,1.4383,1.2359,1.5515
KMI,1.2809,1.0993,1.1346,1.113,1.2324,1.0825,1.1931,1.1494,0.5511,0.94,0.3369,1.2471,0.8474,0.9965,0.9415,0.9469,1.2362,1.1577,0.8943,1.2206,1.0955,1.3079,0.9452,0.8808
MPC,2.5838,2.4078,2.4913,2.4535,2.8501,2.8899,2.8436,2.7048,2.2303,1.7979,2.6488,2.5857,2.3837,1.8744,1.7753,1.6859,2.8063,1.2501,1.649,1.0692,1.2435,1.2312,1.4814,1.7353
NOV,2.6456,2.2403,2.2887,2.1992,2.3705,2.4546,2.3943,2.2841,1.6928,1.8777,2.1581,2.6599,2.0743,1.8796,1.7313,1.7036,2.4216,1.7117,1.6472,1.6007,1.6674,1.6707,1.7127,1.7195
OKE,2.6855,2.7667,2.9267,3.0541,3.2856,2.9717,2.7182,3.1198,0.9638,1.2236,0.6703,2.6801,1.16,1.2258,1.1375,1.136,3.3799,1.2252,1.0885,1.1872,1.1462,1.2781,1.0538,1.069
OXY,3.3779,2.6074,2.6447,2.6241,2.9674,3.0721,2.5871,2.9821,1.3507,1.0945,1.2721,3.3753,1.4113,1.1523,1.3021,1.2775,3.2253,1.2958,1.1677,1.2654,1.1561,1.4458,1.1959,1.1641
PSX,2.0883,1.8299,1.8588,1.8736,2.243,2.2351,1.88,1.969,1.8048,1.2841,1.7471,2.137,1.4824,1.3236,1.2467,1.2365,2.1851,0.9853,1.1918,0.9054,0.9695,1.0399,1.0387,1.2299
PXD,2.2305,2.1746,2.1815,2.1352,2.2418,2.2325,2.2638,2.2082,1.7079,1.3825,2.0632,2.2416,1.7414,1.3738,1.4437,1.4338,2.2989,1.0344,1.3117,0.9633,1.1495,1.0226,1.2845,1.3154
SLB,2.6788,2.4727,2.5208,2.5035,2.7717,2.7035,2.8774,2.6394,2.4257,2.3346,2.7874,2.6665,2.7954,2.252,2.1446,2.1147,2.7426,1.8044,1.9579,1.7383,1.7614,1.7762,1.8002,1.9452
VLO,2.482,2.1237,2.1508,2.1043,2.5574,2.6492,2.4473,2.2999,2.6418,1.8235,2.6548,2.4861,2.4959,1.8664,1.9335,1.8857,2.4373,1.415,1.8275,1.3394,1.4836,1.473,1.612,1.8517
WMB,1.5828,1.7331,1.7443,1.7996,1.8555,1.7715,1.1496,1.8024,0.9051,1.3061,1.0167,1.5508,1.474,1.3318,1.3639,1.3553,1.8642,1.602,1.3231,1.6489,1.5085,1.8047,1.4344,1.3882
XOM,1.595,1.4894,1.5181,1.4947,1.6877,1.6757,1.5145,1.575,1.4113,1.2853,1.4665,1.6164,1.2942,1.2946,1.2004,1.1918,1.6728,1.0814,1.1329,1.0744,1.028,1.1221,1.0814,1.1079
AAL,1.6903,1.454,1.488,1.5496,1.6612,1.7998,2.5915,1.4085,2.7532,2.1394,2.632,1.7282,2.435,2.2603,2.11,2.1018,1.5576,1.7475,2.0383,1.7282,1.7722,1.6421,1.881,2.0471
ALK,2.1804,1.9297,2.0217,2.0888,2.1,1.9387,2.3259,2.0059,1.6356,1.2265,1.1113,2.1714,0.956,1.3109,1.3165,1.2897,2.1178,1.2578,1.3086,1.2839,1.3409,1.3351,1.2996,1.3108
ALLE,1.0347,0.9473,0.9818,0.9847,1.1919,1.1782,1.4985,1.0436,1.3991,1.2588,1.2726,1.0299,1.1231,1.2944,1.1921,1.1731,1.1145,1.1003,1.1429,1.0595,1.1313,1.0371,1.0788,1.1564
AME,1.2738,1.1885,1.1975,1.2333,1.3078,1.2629,1.3006,1.2446,1.3884,1.1205,1.4198,1.2642,1.2086,1.114,1.3229,1.3086,1.2641,1.2592,1.235,1.2196,1.2489,1.1143,1.239,1.2609
AOS,0.6222,0.5829,0.5835,0.6817,0.8282,0.9888,0.9228,0.6854,1.5506,1.6061,2.1642,0.6043,2.0073,1.6904,1.7078,1.7045,0.6947,1.3561,1.7128,1.3056,1.3017,1.1928,1.551,1.7019
BA,1.9292,1.4253,1.4016,1.4795,1.3901,1.2715,1.8777,1.2917,0.8086,1.1487,0.851,1.934,1.3675,1.0983,1.065,1.0571,1.4445,1.1802,1.0679,1.3023,1.1051,1.1158,1.1275,1.0997
CAT,0.4782,0.4189,0.4637,0.5155,0.6253,0.7454,1.0573,0.5526,1.5346,1.2577,2.0797,0.4845,1.6463,1.2784,1.4702,1.4517,0.5212,1.1765,1.3414,1.1922,1.1703,1.1922,1.2619,1.3676
CHRW,0.639,0.6824,0.5871,0.6446,0.5373,0.4001,0.2106,0.6372,0.2976,0.4875,0.3799,0.6266,0.3659,0.4844,0.625,0.6216,0.492,0.8754,0.6729,0.8486,0.7657,0.7537,0.6993,0.7357
CMI,0.8838,1.013,1.0462,1.087,1.1722,1.2072,1.0595,1.1541,1.2935,1.4304,1.7406,0.8649,1.5065,1.445,1.3599,1.3374,1.1058,1.0563,1.243,1.059,1.0696,1.0949,1.1956,1.269
CPRT,1.1517,1.363,1.4026,1.4628,1.4011,1.1867,1.2797,1.4681,1.0064,0.6509,0.3514,1.1691,0.3363,0.6384,0.7431,0.7325,1.4385,1.0344,0.7743,0.9314,1.0957,0.6918,0.8115,0.7493
CSX,1.0814,1.059,1.0819,1.1399,1.1551,1.0879,1.0522,1.1517,0.8327,1.116,0.9441,1.067,0.9281,1.14,1.0929,1.0845,1.1786,1.3301,1.0906,1.2833,1.3298,1.2626,1.2669,1.1573
CTAS,1.7771,1.8946,1.8796,1.9491,1.8505,1.6513,1.4809,1.9475,0.4377,0.8318,0.3303,1.744,0.5414,0.9196,1.0243,1.033,1.9346,1.3466,1.0379,1.3374,1.3557,1.2226,1.11,1.0652
DAL,1.5491,1.2445,1.2933,1.39,1.2678,1.2565,2.1884,1.1124,1.75,1.3204,1.5905,1.5362,1.0656,1.3448,1.2581,1.2687,1.2251,1.1306,1.2686,1.07,1.2209,1.0991,1.2824,1.2988
DE,0.8174,0.717,0.7277,0.7927,0.7633,0.8889,1.1344,0.6897,1.3704,1.2302,2.0338,0.8068,1.8042,1.3431,1.3706,1.3471,0.6065,0.909,1.2576,0.9287,0.8758,0.9781,1.0543,1.2511
DOV,1.0207,1.0666,1.0989,1.1268,1.1865,1.2078,1.3838,1.1348,1.3644,1.808,1.4093,1.0176,1.7929,1.8065,1.6646,1.6553,1.1267,1.8366,1.6326,1.8215,1.7759,1.8696,1.7207,1.6905
EFX,1.2129,1.058,0.9907,0.9653,1.0753,1.0095,0.9678,0.9481,0.742,1.0385,0.6217,1.2526,0.9474,1.0666,1.4514,1.479,1.0652,1.6643,1.5533,1.5545,1.6533,1.6367,1.5024,1.5162
EMR,1.5545,1.5302,1.5565,1.5631,1.64,1.6743,1.728,1.5589,1.6167,1.4791,1.8999,1.5507,1.6668,1.4676,1.4461,1.4029,1.6339,1.329,1.4126,1.3344,1.3084,1.2718,1.3897,1.4251
ETN,0.8797,0.7837,0.8023,0.8216,0.8252,0.9032,1.0816,0.7774,1.0762,1.2736,1.341,0.8593,1.3159,1.2812,1.4572,1.4548,0.7603,1.5289,1.4375,1.4904,1.48,1.4776,1.4669,1.489
EXPD,0.4769,0.5758,0.5574,0.5904,0.6328,0.6938,0.7756,0.6448,1.1249,1.1222,1.6401,0.4872,1.2129,1.1567,1.1743,1.1645,0.5726,1.0172,1.065,1.0345,1.0075,0.9569,1.0364,1.0722
FAST,0.9879,0.9456,0.9368,0.8709,0.8976,0.9433,0.8935,0.9469,1.05,1.4622,1.4667,0.9647,1.5718,1.5671,1.5529,1.5407,0.9186,1.6804,1.529,1.656,1.6873,1.6419,1.7686,1.6338
FBHS,1.3911,1.6704,1.6449,1.7093,1.7845,1.597,2.0337,1.7993,1.7403,1.8376,1.8632,1.376,1.9942,1.8508,1.8598,1.845,1.7173,1.617,1.7023,1.5813,1.6787,1.6441,1.5833,1.732
FDX,0.8278,0.8931,0.8976,1.055,0.6945,0.8337,1.0235,0.833,1.1681,2.1032,1.8191,0.7771,1.767,2.1038,1.8221,1.8502,0.6756,1.83,1.8188,1.7785,1.8415,1.7644,1.9051,1.8508
FLS,1.6947,1.6735,1.775,1.8122,1.9801,1.9344,2.1759,1.8742,1.6181,1.8586,1.5915,1.7124,1.6836,1.9302,1.94,1.9097,1.9491,2.094,1.9304,2.0153,2.104,2.0991,1.9881,1.9609
FTV,1.0688,1.0506,1.0278,1.1327,1.1895,1.282,1.255,1.1992,1.1865,1.3204,1.5443,1.053,1.5405,1.3129,1.3202,1.3353,1.2088,1.3635,1.3076,1.3194,1.311,1.195,1.3917,1.3406
GE,0.9269,0.4537,0.6068,0.6355,0.9207,0.9472,1.8725,0.7268,1.7059,1.6895,1.7855,0.941,2.6105,1.5705,1.4896,1.4596,0.8399,1.2361,1.2652,1.2416,1.2361,1.2671,1.1573,1.2494
GWW,1.0794,0.9605,0.9607,0.961,0.9281,0.8753,0.7953,1.0003,0.8413,0.784,0.8524,1.0467,0.6601,0.8048,1.1141,1.082,0.983,1.4931,1.0765,1.3888,1.3523,1.4073,1.2215,1.1361
HII,0.712,0.678,0.7491,0.7402,1.0588,1.0516,1.4126,0.9383,1.8569,1.3197,1.4341,0.7376,1.348,1.2436,1.3192,1.3173,0.9722,1.2485,1.2974,1.2137,1.2913,1.0068,1.309,1.323
IEX,0.8515,0.8061,0.7702,0.8138,0.8473,0.8025,0.7894,0.7635,1.0509,0.9401,0.9885,0.845,0.9629,0.9519,1.1978,1.2101,0.751,1.3535,1.1664,1.27,1.3126,1.2779,1.172,1.2313
INFO,1.0861,0.9166,0.9487,0.9641,1.0537,1.0032,1.0999,1.0393,0.9077,0.8629,0.5747,1.0292,0.6212,0.8716,0.815,0.8186,1.0365,0.8294,0.8334,0.7878,0.8474,0.7951,0.747,0.8269
IR,1.4987,1.3483,1.3653,1.4321,1.3688,1.2931,1.4815,1.4873,0.8291,1.1121,0.9904,1.4797,0.9807,1.1453,1.1312,1.1361,1.4302,1.182,1.1029,1.202,1.2544,1.2414,1.2051,1.142
ITW,0.8829,0.9502,0.9729,0.9828,1.029,1.089,1.1732,1.0104,1.1535,1.1498,1.443,0.8556,1.2619,1.1859,1.2141,1.2055,1.0187,0.9816,1.1301,0.9733,1.0217,0.9722,1.1106,1.125
J,0.6093,0.4819,0.5083,0.5588,0.5711,0.5874,0.7505,0.4601,0.4041,0,0.6487,0.606,0.7686,0,0,0,0.4746,0,0,0,0,0,0,0
JBHT,0.921,0.9,0.8955,0.8232,0.7531,0.7207,0.6277,0.7541,0.8699,1.092,0.6928,0.9108,0.9526,1.1332,1.072,1.0671,0.7449,1.2167,1.1265,1.1992,1.1094,1.185,1.0277,1.0852
JCI,1.0867,1.1379,1.1771,1.2451,1.149,0.951,1.0658,1.2231,0.4294,0.9439,0.1765,1.0841,0.5114,1.0188,1.1115,1.1118,1.1532,1.4668,1.09,1.459,1.4074,1.464,1.174,1.1423
KSU,0.8277,0.9479,0.9387,0.9501,0.9065,0.8684,1.2585,0.9713,1.2316,1.0365,0.9586,0.85,1.0486,1.0095,1.0933,1.081,0.8948,1.0646,1.0703,0.9539,1.0774,1.0391,1.1229,1.1121
LHX,0.8671,0.6479,0.6391,0.6292,0.5751,0.3896,0.3872,0.531,0.0538,0.3189,-0.7003,0.8549,-0.0685,0.3632,0.6508,0.6671,0.5595,0,0.6231,0,0,0,0,0
LMT,0.7836,0.8585,0.8186,0.8398,0.8367,0.7939,0.7804,0.7915,0.7674,0.9085,0.237,0.7673,0.5091,0.9146,1.1641,1.1714,0.7964,1.4556,1.1775,1.4582,1.5193,1.3315,1.2674,1.2213
LUV,0.8851,0.7222,0.7908,0.8494,0.6912,0.7184,1.4525,0.5596,1.3266,1.567,1.0392,0.888,1.6064,1.6169,1.8135,1.8088,0.65,2.1089,1.87,2.076,2.0635,2.1487,2.0593,1.9353
MAS,1.1105,1.3532,1.3614,1.3483,1.4106,1.3968,1.3414,1.4469,1.4306,1.2335,1.4526,1.1014,1.3391,1.3005,1.4995,1.5038,1.4071,1.4191,1.4268,1.3853,1.3451,1.2517,1.3989,1.4478
MMM,0.7148,0.7082,0.7204,0.7373,0.816,0.9244,0.784,0.707,1.0693,1.052,1.5624,0.7072,1.3279,1.0585,1.0582,1.0514,0.7686,0.983,1.016,1.0217,0.8217,1.0076,1.0082,1.0579
NLSN,1.5335,1.422,1.4341,1.4576,1.4511,1.4942,1.5314,1.4645,1.0476,1.2168,1.1159,1.6233,1.287,1.2758,1.1692,1.1617,1.5367,0.9222,1.1938,0.9158,0.9933,1.0169,1.0866,1.0011
NOC,0.7438,0.7836,0.7514,0.7179,0.6524,0.5618,0.5956,0.6227,0.4539,0.5222,-0.1517,0.7447,0.2989,0.554,0.9424,0.9467,0.5983,1.185,0.9576,1.1486,1.2303,0.998,0.8988,0.9058
NSC,1.2666,1.3104,1.3114,1.366,1.3007,1.2274,1.2342,1.3856,1.0638,1.1939,0.8895,1.2496,1.1061,1.1778,1.1378,1.133,1.3567,1.3523,1.0742,1.3649,1.3764,1.411,1.2963,1.1366
ODFL,0.5328,0.5899,0.6121,0.4942,0.5659,0.6307,0.6436,0.5008,1.0752,1.3502,1.5483,0.5035,1.4324,1.369,1.5844,1.5819,0.4959,1.5663,1.5682,1.4791,1.5205,1.4145,1.4389,1.5049
PCAR,0.7352,0.8837,0.8986,0.9121,0.9836,0.9907,1.0185,1.0314,1.3101,1.1645,1.4012,0.7253,1.4444,1.166,1.3419,1.3256,0.9604,1.3232,1.2959,1.3718,1.3104,1.3593,1.3367,1.311
PH,1.7429,1.6228,1.6611,1.7047,1.7746,1.7792,1.8396,1.6651,1.4965,1.6256,2.0083,1.721,1.7692,1.6286,1.7668,1.7433,1.7795,1.683,1.7231,1.6919,1.6653,1.7296,1.7469,1.7416
PNR,1.1486,1.3543,1.4324,1.4961,1.5269,1.4847,1.3802,1.5928,1.112,1.1617,1.2223,1.1385,1.1666,1.1444,1.0544,1.0363,1.5521,1.0453,0.964,1.0126,0.8683,1.0017,0.9606,0.9894
PWR,0.9356,1.0011,1.1182,1.1686,1.0631,1.1876,1.2607,1.0082,1.2838,1.7327,1.7531,0.9365,1.8618,1.8345,1.6677,1.6355,1.0426,1.4864,1.5517,1.4448,1.4889,1.5697,1.5511,1.5344
RHI,1.7071,1.5514,1.5591,1.6289,1.7767,1.7723,1.5521,1.7209,1.4284,1.215,1.5961,1.6685,1.5987,1.231,1.2969,1.2803,1.8394,1.4376,1.2511,1.414,1.3234,1.3796,1.3796,1.3414
ROK,1.1535,1.3279,1.3813,1.3739,1.5256,1.5964,1.4398,1.4629,1.4968,1.7239,2.0938,1.1253,1.9207,1.6522,1.6198,1.5958,1.5351,1.5339,1.5372,1.5391,1.4897,1.5567,1.611,1.6053
ROL,0.3874,0.5164,0.5519,0.5194,0.307,0.3036,-0.0302,0.5799,-0.2064,0.5781,-0.2814,0.3891,0.0503,0.6609,0.5326,0.5159,0.4011,1.0331,0.5987,1.0001,0.877,0.9174,0.8265,0.6309
ROP,0.9566,0.9119,0.8795,0.8407,0.8683,0.7552,0.8001,0.9138,0.772,0.9611,0.7894,0.9485,0.8063,0.9434,0.9433,0.9662,0.8557,1.0452,0.9254,1.0035,1.0265,0.8692,1.0103,0.9663
RSG,0.796,0.7859,0.7643,0.8104,0.7405,0.5935,0.7301,0.7722,0.2896,0.4281,0.0203,0.7844,0.2227,0.4524,0.412,0.4309,0.7479,0.5996,0.4132,0.6067,0.5806,0.6403,0.4773,0.434
RTX,1.8073,1.5443,1.5604,1.5926,1.638,1.6848,0,1.5546,0,0,0,1.7884,0,0,0,0,1.6984,0,0,0,0,0,0,0
SNA,1.2391,1.2608,1.3312,1.3871,1.4128,1.398,1.3568,1.4395,1.006,1.175,0.9601,1.2085,1.1702,1.2359,1.368,1.3519,1.4491,1.5404,1.3802,1.584,1.55,1.7161,1.4877,1.4071
SWK,1.3283,1.4224,1.459,1.5168,1.6271,1.5837,1.9816,1.6219,1.7744,1.3572,2.0502,1.2941,1.6177,1.3937,1.6337,1.6107,1.6101,1.304,1.4658,1.2859,1.3289,1.2392,1.4472,1.5208
TDG,1.8867,1.9118,1.9459,1.991,1.8578,1.7433,2.1153,1.7772,1.1264,0.9987,0.7025,1.8841,0.9976,1.0052,1.1914,1.2262,1.8977,1.2277,1.2346,1.1611,1.2145,1.2128,1.2893,1.2597
TXT,1.5925,1.4162,1.443,1.4395,1.4804,1.3596,1.9552,1.3937,1.5995,1.8979,1.8807,1.6054,2.0874,1.9484,2.1526,2.1204,1.3718,2.0827,2.0873,2.0486,2.079,1.9733,1.9911,2.0959
UAL,1.8648,1.5467,1.6087,1.7072,1.6794,1.6468,2.5847,1.5506,1.8891,1.4101,1.9243,1.848,1.4875,1.4591,1.2921,1.2811,1.658,1.0862,1.2723,1.0752,1.1468,1.1213,1.2969,1.3402
UNP,1.0636,1.0245,0.9759,1.0328,1.0053,0.9609,0.9621,1.0319,1.0535,1.1818,1.0096,1.0541,1.2392,1.1689,1.2069,1.2163,1.061,1.363,1.118,1.3218,1.3467,1.3193,1.2747,1.1186
UPS,0.6419,0.6609,0.6093,0.6266,0.3627,0.4504,0.5336,0.5279,1.2397,1.2972,1.2842,0.6226,1.1089,1.3135,1.3233,1.3291,0.3005,1.4067,1.3419,1.375,1.3038,1.5334,1.3288,1.3811
URI,1.6113,1.5275,1.5551,1.5787,1.7694,1.9287,2.1765,1.6354,2.4322,2.5391,3.6472,1.5844,3.2791,2.4776,2.6227,2.5912,1.6882,2.1528,2.542,2.1148,2.3384,2.0005,2.4108,2.5095
VRSK,0.7463,0.7201,0.6873,0.7052,0.675,0.5658,0.557,0.7295,0.3411,0.7373,0.1699,0.7484,0.3728,0.7572,0.7284,0.7498,0.6762,0.9041,0.8181,0.8735,0.9146,0.785,0.8642,0.8023
WAB,1.6473,1.575,1.5807,1.5931,1.726,1.7573,1.8899,1.6502,1.6697,1.8828,2.2205,1.632,1.5487,1.8312,1.976,1.9623,1.6442,1.9489,1.8903,1.891,1.9038,1.7849,1.8456,1.9385
WM,0.8753,0.8601,0.8453,0.8891,0.8762,0.7424,0.8116,0.8591,0.4887,0.4737,0.1413,0.8619,0.3524,0.506,0.507,0.5312,0.8632,0.6766,0.5116,0.6944,0.6527,0.6814,0.5721,0.561
XYL,0.7989,0.7901,0.8155,0.8982,0.8677,1.0121,1.1295,0.8509,1.124,1.156,1.4566,0.8064,1.3425,1.2105,1.4389,1.4335,0.758,1.3208,1.3736,1.2475,1.3119,1.1218,1.4109,1.4445
AFL,1.3357,1.0143,1.0172,1.0915,1.1504,1.0198,1.1157,1.0855,0.9046,0.3251,0.3881,1.3342,0.3905,0.327,0.4985,0.4888,1.1201,0.5635,0.4336,0.5754,0.5417,0.5342,0.442,0.4812
AIG,1.5646,1.4294,1.5646,1.6344,1.7794,1.3483,1.8127,1.8011,0.8067,0.5966,0.1128,1.5519,0.325,0.6451,1.1115,1.0908,1.8308,1.2895,0.9857,1.2791,1.3845,1.3512,1.0263,0.9857
AIZ,0.6153,0.6793,0.7075,0.7408,0.5616,0.4983,0.6773,0.5399,0.2429,0.4469,-0.1466,0.6309,0.0185,0.4227,0.6304,0.6319,0.5285,0.9158,0.6225,0.8518,0.8766,0.8695,0.6187,0.6443
AJG,0.6683,0.6243,0.616,0.6398,0.6567,0.4466,0.8632,0.7218,0.4791,0.3897,0.367,0.6813,0.2896,0.4012,0.3851,0.3978,0.6721,0.3636,0.3712,0.3774,0.415,0.2921,0.4242,0.4122
ALL,0.8344,0.7083,0.6927,0.7444,0.8852,0.9197,1.0087,0.8057,0.9874,0.8315,0.8033,0.8537,0.7789,0.801,0.7656,0.749,0.8684,0.7092,0.752,0.6598,0.7452,0.6424,0.7376,0.7528
AMP,1.407,1.4477,1.4961,1.5319,1.6664,1.4418,1.7933,1.6849,1.5262,1.8565,1.3723,1.4052,1.6716,1.8396,1.8545,1.812,1.7536,1.9061,1.693,1.9071,1.9935,1.893,1.8279,1.6874
AON,0.9022,0.8911,0.8413,0.911,0.973,0.8077,1.0599,0.9692,0.579,0.8931,0.5097,0.9018,0.596,0.8914,0.7454,0.7613,0.9539,0.8051,0.7509,0.8077,0.8184,0.7355,0.7706,0.7603
AXP,1.4217,1.1415,1.1207,1.1768,1.1896,1.086,1.3671,1.1173,1.154,1.1048,0.7619,1.4104,0.8315,1.1396,1.0441,1.0614,1.168,1.101,1.0573,1.1299,1.1378,1.1079,1.0607,1.0384
BAC,1.3868,1.3151,1.3492,1.3637,1.4862,1.5622,1.8821,1.4504,1.8743,1.7014,2.008,1.3998,1.9326,1.7028,1.5464,1.5291,1.4664,1.2895,1.439,1.3255,1.3663,1.2643,1.474,1.4687
BEN,1.2519,1.1478,1.1337,1.1813,1.384,1.3309,1.4086,1.3451,1.4524,1.1719,1.6569,1.3018,1.271,1.2255,1.0194,0.982,1.3612,0.6,0.7624,0.5965,0.6183,0.5579,0.7187,0.8064
BK,0.9949,0.9243,0.9673,0.9543,1.078,1.1895,1.2153,1.0152,1.3693,1.2053,1.5266,1.0175,1.5015,1.2113,1.125,1.0987,1.1186,0.8847,1.005,0.9686,0.8538,0.9399,1.0094,0.9787
BLK,0.838,0.7641,0.8042,0.7721,0.9652,1.0945,1.2528,0.8929,1.9336,1.434,2.1749,0.8334,1.8175,1.4229,1.465,1.4484,0.8967,0.934,1.325,0.9038,1.0633,0.7952,1.1866,1.3073
C,1.893,1.6348,1.6777,1.6237,1.8027,1.8259,2.206,1.7063,1.9508,2.1308,1.9647,1.9158,2.1935,2.1483,1.9733,1.9567,1.783,1.7994,1.8661,1.8613,1.8886,1.8705,1.8847,1.8783
CB,0.7706,0.6575,0.747,0.7371,0.7285,0.5327,0.8873,0.7454,0.2665,0.1782,0.0334,0.7762,0.0375,0.2162,0.401,0.3949,0.7689,0.4928,0.3616,0.5012,0.5067,0.5968,0.4678,0.4136
CBOE,1.0799,1.0345,1.0259,1.055,0.9483,0.741,0.7384,0.9333,-0.0602,-0.0663,-0.6854,1.0807,-0.7826,-0.1078,-0.4608,-0.4426,1.0298,-0.4003,-0.3553,-0.4233,-0.3139,-0.2773,-0.3553,-0.4101
CFG,1.8389,1.8646,1.9645,2.051,2.1747,2.0865,2.3467,2.1348,1.7847,1.8408,1.9071,1.8499,1.8461,1.7975,1.533,1.5211,2.227,1.3791,1.4733,1.3891,1.4843,1.3018,1.4645,1.4574
CINF,0.6238,0.5375,0.5091,0.5455,0.3088,0.2853,0.9648,0.4674,0.5938,0.3949,0.1722,0.6802,0.1806,0.4888,0.4562,0.4565,0.2556,0.4766,0.4473,0.4814,0.5588,0.4623,0.5239,0.5074
CMA,1.5923,1.768,1.9305,2.0337,2.1576,2.0762,2.2915,2.1572,1.7103,1.6741,2.1251,1.6317,2.032,1.6325,1.5235,1.4913,2.2173,1.388,1.4012,1.3805,1.4358,1.187,1.4561,1.4301
CME,0.8323,0.666,0.6293,0.6344,0.4884,0.3454,0.4996,0.477,0.0042,-0.3409,-0.6786,0.8476,-0.6212,-0.3194,-0.3776,-0.362,0.4685,-0.239,-0.215,-0.1782,-0.1459,-0.2505,-0.268,-0.2426
COF,1.9202,2.0006,2.0571,2.2073,2.2452,2.1455,2.1966,2.2249,1.3742,1.3322,1.355,1.9552,1.1405,1.3019,1.2031,1.1889,2.2976,1.1766,1.1883,1.1582,1.2862,1.1336,1.2225,1.1817
DFS,1.8113,1.8652,1.9803,2.1847,2.2086,2.0318,2.2862,2.2093,1.4547,1.631,1.5307,1.8607,1.4788,1.6335,1.5868,1.5939,2.3113,1.6291,1.5616,1.6772,1.7236,1.575,1.6442,1.5075
FITB,1.6288,1.7899,1.8984,2.0338,2.1267,2.0496,2.1455,2.1301,1.6015,1.5555,1.5757,1.647,1.5659,1.5766,1.3664,1.3572,2.1891,1.1072,1.2546,1.1141,1.2552,1.0411,1.2767,1.2413
FRC,1.0492,1.2457,1.3662,1.3817,1.4739,1.4906,1.2427,1.5482,1.1474,1.251,1.2708,1.0765,1.2466,1.2823,1.1504,1.1259,1.5736,1.2236,1.0702,1.2154,1.2259,1.0771,1.1946,1.0629
GL,1.1806,1.1457,1.189,1.2228,1.2064,1.2243,1.3199,1.238,0.9906,1.0974,0.6525,1.1756,0.8444,1.0877,0.9668,0.9467,1.216,0,0,0,0,0,0,0
GS,1.4931,1.3964,1.3915,1.4405,1.6071,1.609,1.7316,1.5076,1.716,1.6186,1.5673,1.527,1.8166,1.5913,1.2812,1.2804,1.5815,1.0141,1.2293,1.0111,1.0691,0.9751,1.1568,1.2499
HBAN,1.2601,1.2205,1.3418,1.4183,1.5226,1.549,1.8499,1.4711,1.4219,1.6291,1.7313,1.2688,1.5599,1.6293,1.4445,1.4172,1.4941,1.3266,1.4044,1.3408,1.3949,1.2431,1.3791,1.4067
HIG,1.3201,1.2897,1.3566,1.3639,1.3554,1.2082,1.4826,1.4082,0.9246,0.3308,0.4149,1.3543,0.3782,0.2672,0.5072,0.501,1.3623,0.4491,0.4557,0.4523,0.5013,0.4962,0.4144,0.4585
ICE,0.9222,0.8932,0.8747,0.8561,0.7514,0.6491,0.6499,0.7496,0.5333,0.3743,-0.0149,0.9466,0.0394,0.4111,0.3133,0.3262,0.7392,0.3101,0.3734,0.3153,0.3669,0.3343,0.337,0.3583
IVZ,1.1436,0.9348,1.0481,1.231,1.3166,1.2914,2.0803,1.3248,1.6841,1.6462,1.8134,1.1538,1.6418,1.6123,1.4062,1.3756,1.418,1.0813,1.189,1.023,1.2195,0.93,1.2295,1.199
JPM,1.1963,1.061,1.1164,1.1383,1.1843,1.2095,1.6487,1.172,1.5412,1.2354,1.4387,1.2086,1.1763,1.2319,1.0747,1.0548,1.1853,0.8722,0.9984,0.8991,1.0156,0.8689,1.0876,1.0465
KEY,1.5243,1.4563,1.5523,1.614,1.753,1.7114,2.1187,1.6641,1.6581,1.7475,1.8028,1.5285,1.6179,1.7277,1.6203,1.5978,1.7387,1.5217,1.548,1.5661,1.6135,1.4397,1.537,1.5644
L,1.0358,0.8335,0.8628,0.897,0.9669,0.8782,1.3076,0.9804,0.9881,0.6471,0.7658,1.0533,0.7138,0.6369,0.7232,0.7,0.9362,0.5884,0.6063,0.5592,0.6601,0.6107,0.6012,0.6314
LNC,2.3691,2.1938,2.3313,2.3389,2.6084,2.4954,2.3809,2.582,1.9078,1.9267,2.065,2.37,2.0207,1.9458,1.8647,1.8186,2.6573,1.5865,1.6294,1.5836,1.6978,1.5495,1.7214,1.6648
MCO,0.8857,0.9566,0.9105,0.9176,0.9714,0.9833,1.0169,0.9432,0.9793,1.2474,0.9721,0.8775,1.1115,1.3001,1.4115,1.4463,0.9953,1.5255,1.445,1.5198,1.5479,1.3536,1.4682,1.395
MET,1.5494,1.4452,1.4911,1.5392,1.6395,1.5006,1.5878,1.6269,1.1439,0.9388,0.857,1.5382,0.9706,0.9217,1.0603,1.0429,1.6544,1.0842,0.9609,1.0748,1.1482,1.114,0.9702,0.9722
MKTX,0.6714,0.8882,0.9652,0.9886,1.0637,0.9201,0.2535,1.0208,0.4181,0.2242,0.0272,0.6846,-0.2359,0.1855,-0.1523,-0.0614,1.0822,-0.1782,-0.0319,-0.2324,-0.0649,-0.4083,-0.1769,-0.0799
MMC,1.0051,1.0259,0.9872,1.0236,1.0463,0.9126,0.8644,1.1044,0.475,0.762,0.2687,0.998,0.5052,0.7647,0.5933,0.6025,1.0805,0.7415,0.5933,0.7399,0.7033,0.6989,0.6168,0.5897
MS,1.6495,1.4998,1.5309,1.5147,1.602,1.6239,1.8943,1.5907,1.9104,1.4464,1.8988,1.6629,1.6551,1.413,1.1563,1.1495,1.6627,0.6917,1.0691,0.685,0.8483,0.647,1.0758,1.1001
MSCI,0.5691,0.4567,0.4342,0.3781,0.4243,0.501,0.4832,0.456,0.5247,1.0799,0.8381,0.5865,1.1027,1.0464,1.2588,1.3026,0.3864,1.4831,1.3527,1.399,1.5402,1.3126,1.3902,1.322
MTB,1.151,1.1127,1.2324,1.213,1.342,1.3255,1.6506,1.3113,1.4417,1.4853,1.3005,1.1766,1.4934,1.4741,1.2042,1.178,1.324,1.1021,1.1219,1.1089,1.1635,1.0261,1.1388,1.1198
NDAQ,0.8475,0.9545,0.9504,0.8949,0.894,0.8454,0.7616,0.9309,0.853,0.8119,0.4515,0.8467,0.6145,0.8066,0.675,0.6828,0.9016,0.7551,0.7343,0.6779,0.7871,0.656,0.6887,0.7179
NTRS,0.8944,0.7272,0.7619,0.7651,0.8648,0.98,1.3199,0.8087,1.589,1.5008,1.8312,0.8912,1.4538,1.4872,1.3824,1.3607,0.8543,1.1092,1.2695,1.097,1.1867,0.9913,1.3121,1.279
PBCT,1.0424,0.9209,0.9956,1.0384,1.2765,1.405,1.4656,1.1586,1.4423,1.6601,1.8333,1.0499,1.8309,1.7071,1.5662,1.5382,1.2403,1.4037,1.4561,1.4045,1.425,1.3122,1.4431,1.4448
PFG,1.672,1.499,1.5174,1.5619,1.722,1.634,1.8788,1.6597,1.6804,1.4581,1.6909,1.6576,1.6786,1.4904,1.7325,1.7118,1.702,1.4895,1.5799,1.4609,1.595,1.4589,1.5966,1.6142
PGR,0.2152,0.4078,0.3693,0.363,0.2832,0.2512,0.2943,0.4042,0.5459,0.8428,0.3327,0.2584,0.7385,0.8135,0.7748,0.7767,0.3068,1.026,0.7954,0.9662,1.0551,0.7532,0.9138,0.7728
PNC,1.4143,1.2599,1.3188,1.3799,1.4968,1.4328,1.7342,1.4422,1.6465,1.2991,1.5142,1.4259,1.1932,1.3145,1.2001,1.1737,1.4746,0.9922,1.0816,0.9948,1.1048,0.9141,1.0952,1.1081
PRU,1.6876,1.6456,1.6972,1.7261,1.8535,1.8559,2.0808,1.8245,1.9818,1.7465,2.1365,1.6851,2.0373,1.7629,1.6178,1.5774,1.8463,1.1698,1.3957,1.1686,1.3071,1.2038,1.4365,1.4216
RE,0.8988,0.7918,0.8143,0.7631,0.7354,0.4466,1.0791,0.8188,0.561,0.1441,0.1035,0.9033,-0.0108,0.1132,0.2587,0.213,0.7923,0.2344,0.1796,0.1492,0.3201,0.0415,0.1752,0.1335
RF,1.468,1.4936,1.625,1.7265,1.8425,1.8166,1.9807,1.7579,1.6201,1.7254,1.7978,1.4728,1.701,1.7355,1.5867,1.5556,1.8519,1.4691,1.5393,1.481,1.5475,1.3244,1.5356,1.5378
RJF,1.111,1.0062,1.0613,1.0823,1.0354,1.0288,1.4478,1.0357,1.1596,1.0246,1.2129,1.118,1.2034,0.9951,1.1996,1.1821,1.0631,1.1934,1.1815,1.1917,1.3125,1.1781,1.2782,1.1881
SCHW,0.9695,0.8974,0.9935,1.0634,1.0582,1.1379,1.2629,1.087,1.2265,1.1305,1.2243,0.9952,1.323,0.9418,0.8969,0.8601,1.1476,0.8109,0.7911,0.8047,0.8944,0.7951,0.9031,0.7719
SIVB,1.6943,1.7515,1.9009,1.9162,2.0428,2.102,2.1573,1.9933,2.2591,2.6506,2.7367,1.7044,2.8285,2.6943,2.7025,2.679,2.0544,2.6315,2.6131,2.6278,2.7341,2.5402,2.6921,2.6147
SPGI,0.9672,1.0314,0.9736,0.9819,0.9708,0.9288,0.7498,0.9774,0.7649,0.8028,0.4003,0.9242,0.6736,0.8216,0.8758,0.9113,0.9967,1.0044,0.9539,0.9785,1.0037,0.8424,0.9137,0.9041
STT,1.3803,1.3369,1.3708,1.2949,1.3881,1.6098,1.7067,1.4073,1.7621,1.6565,2.0415,1.3756,1.8971,1.5866,1.6399,1.5748,1.488,1.3839,1.5126,1.3856,1.4038,1.3296,1.5324,1.4606
SYF,1.9736,1.9713,1.9988,2.1589,2.1177,1.9375,1.9972,2.1574,0.9953,1.5017,1.064,2.0094,1.6348,1.4798,1.4112,1.3986,2.2331,1.5194,1.3735,1.5651,1.5533,1.5224,1.3558,1.2388
TFC,1.4164,1.4909,1.5939,1.6626,1.7223,1.7096,1.7924,1.7043,1.2331,0,1.3462,1.413,1.3319,0,0,0,1.7772,0,0,0,0,0,0,0
TROW,1.1782,1.2115,1.2191,1.1905,1.258,1.264,1.2736,1.294,1.2201,0.8201,1.0509,1.1858,0.8146,0.7964,0.9377,0.9289,1.2589,0.7852,0.8802,0.7869,0.8547,0.6625,0.7942,0.8778
TRV,0.6799,0.6895,0.768,0.7654,0.7437,0.584,0.7722,0.7465,0.5023,0.5053,0.2899,0.7055,0.3113,0.491,0.5628,0.564,0.7612,0.7048,0.5521,0.6721,0.7173,0.6761,0.6251,0.5825
UNM,1.7428,1.6224,1.7067,1.7184,1.78,1.8959,2.0923,1.8199,1.8074,2.1338,2.2871,1.7462,2.4096,2.0691,1.8394,1.7776,1.8145,1.3825,1.5678,1.4098,1.4743,1.3033,1.6773,1.6075
USB,0.9634,0.9357,1.0297,1.1018,1.1891,1.1747,1.5563,1.1694,1.3226,1.3617,1.2186,0.9924,1.1953,1.3652,1.1595,1.1456,1.205,1.0836,1.0833,1.1358,1.1616,1.1729,1.141,1.0864
WFC,1.3104,0.9882,1.0002,1.0683,1.1468,1.1735,1.5811,1.0427,1.1558,1.1613,1.0928,1.3495,0.9298,1.1378,0.8987,0.8691,1.103,0.9081,0.8866,0.9908,0.8775,1.0668,0.8609,0.8958
WLTW,0.8063,0.7277,0.6579,0.7064,0.7989,0.7134,0.9096,0.7626,1.0171,0.7499,0.8531,0.7992,0.8563,0.7621,0.6748,0.6977,0.741,0.4402,0.5973,0.4714,0.4535,0.4364,0.535,0.6089
WRB,0.8885,0.8938,0.9039,0.9466,0.9358,0.7931,1.1105,0.9448,0.5923,0.507,0.2889,0.8868,0.2858,0.5651,0.6714,0.6802,0.9102,0.7304,0.6763,0.6606,0.7831,0.6676,0.6693,0.673
ZION,1.571,1.4828,1.6031,1.6078,1.7785,1.756,1.9239,1.7094,1.5367,1.747,1.8305,1.6004,1.8402,1.7756,1.5674,1.5402,1.8186,1.4484,1.5162,1.4704,1.5101,1.3202,1.5222,1.4821
ALB,1.7206,1.3194,1.329,1.3418,1.4971,1.4326,1.6356,1.4602,1.0785,1.7109,2.0151,1.7042,1.8104,1.6539,1.3492,1.2958,1.4839,1.0027,1.2157,1.0676,0.8897,0.9978,1.0713,1.1964
AMCR,0.94,0.9977,0.9694,1.0146,1.0896,0.972,1.0186,1.047,1.5004,2.2523,2.3542,0.9361,2.4534,1.0947,1.0504,0,1.0837,0,0,0,0,0,0,0
APD,0.7223,0.9124,0.8618,0.9065,0.9192,0.8525,0.8769,0.9758,1.0095,0.5656,0.9993,0.7038,0.7205,0.509,0.6858,0.7052,0.8548,0.5124,0.6539,0.5082,0.5598,0.4565,0.5683,0.6618
AVY,0.5578,0.5445,0.612,0.7498,0.8667,0.9105,0.9958,0.7587,1.1714,1.0582,0.9144,0.5637,1.1783,1.1038,1.2794,1.2952,0.8019,1.3473,1.2033,1.4045,1.257,1.3872,1.2159,1.2654
BLL,0.4125,0.3619,0.3945,0.4481,0.3649,0.2606,0.3918,0.2642,0.1088,0.6029,-0.1128,0.3914,0.3966,0.7189,0.682,0.7421,0.2228,0.8108,0.8129,0.8218,0.7763,0.7659,0.7636,0.8326
CE,1.1611,1.1506,1.2114,1.3356,1.3405,1.3415,1.5162,1.3256,1.4475,1.3039,1.76,1.1515,1.3281,1.3288,1.4695,1.4498,1.2534,1.2449,1.4364,1.2297,1.3285,1.2125,1.3619,1.4512
CF,1.555,1.1637,1.1394,1.1661,1.1802,1.1165,1.6174,1.1163,1.3934,0.5609,1.6374,1.5527,1.083,0.5283,0.7323,0.7275,1.0318,0.4066,0.8505,0.5039,0.4884,0.5807,0.618,0.8186
CTVA,0.818,0.7081,0.7926,0.8432,0.8643,0.8546,0.8114,0.8785,0.6458,-0.2698,0.6924,0.7911,0.6153,-0.8258,-0.4567,0,0.8534,0,0,0,0,0,0,0
DD,1.6375,1.7336,1.7781,1.8712,1.6642,1.661,0.9708,1.9237,0.9963,0.601,1.0147,1.6649,0.8033,0.6186,0.808,0.7752,1.9862,0,0.8281,0,0,0,0,0.8731
DOW,1.644,1.6688,1.6828,1.7931,1.8315,1.8598,1.7619,1.8303,1.6576,1.925,2.0265,1.64,1.9067,1.8898,1.819,1.6221,1.9073,0,1.5883,0,0,0,0,0
ECL,1.2298,1.0812,1.0476,1.1194,1.2092,1.0823,0.7466,1.0818,0.5571,0.6285,0.351,1.2009,0.4564,0.6959,0.6938,0.7217,1.1926,0.7509,0.7464,0.6917,0.7525,0.7215,0.7109,0.7144
EMN,1.566,1.5345,1.5786,1.7143,2.0578,2.0798,1.9445,1.9409,2.197,1.6247,2.635,1.5551,2.2802,1.6433,1.7402,1.689,1.9668,1.1432,1.5535,1.0529,1.1678,0.9535,1.3048,1.5662
FCX,2.1764,2.1178,2.1856,2.2458,2.308,2.4375,2.3288,2.3131,2.3961,2.1599,3.2677,2.1612,2.7779,2.0672,2.0078,1.9934,2.3271,1.4663,1.7579,1.4555,1.3611,1.2933,1.4873,1.718
FMC,0.8233,0.7922,0.7837,0.8013,0.9336,0.9633,1.011,0.8646,1.0099,1.2038,1.4173,0.8072,1.1749,1.2017,1.2662,1.2716,0.8619,1.1283,1.1948,1.1405,1.1081,1.1801,1.0588,1.1662
IFF,1.1429,1.2432,1.169,1.2078,1.5265,1.4674,1.1807,1.4793,1.3058,0.9327,1.2702,1.1357,1.194,0.7983,0.5489,0.5015,1.5182,0.0337,0.2933,0.0521,0.1193,0.2502,0.2503,0.333
IP,0.7918,0.7234,0.7868,0.9389,1.005,1.0487,1.1192,0.9753,1.1847,1.4362,1.3529,0.7835,1.5491,1.4136,1.3119,1.2878,1.0227,1.2874,1.1895,1.3431,1.2531,1.3777,1.2377,1.1944
LIN,0.8941,0.8034,0.765,0.7403,0.758,0.6378,0.7295,0.8028,0.7424,0.483,0.7428,0.8879,0.5725,0.4632,0.4626,0.4614,0.7007,0.3479,0.4501,0.3475,0.3466,0.2679,0.2899,0.4517
LYB,1.5393,1.3718,1.3881,1.5308,1.7534,1.7581,1.9447,1.5654,1.7466,1.4029,2.2539,1.5493,1.6802,1.4137,1.461,1.3983,1.675,1.0221,1.3793,0.9909,1.0582,1.0883,1.162,1.3736
MLM,0.3947,0.4903,0.5756,0.7719,0.84,0.8338,1.2931,0.776,1.2817,0.8633,0.98,0.4112,0.61,0.9121,1.0046,0.9908,0.8052,0.8154,0.9667,0.7543,0.884,0.7879,0.7825,0.853
MOS,1.7848,1.793,1.8281,1.9143,1.8372,1.8344,2.2497,1.7674,2.1068,1.9502,2.588,1.7658,2.414,2.0535,1.732,1.6843,1.7386,1.3123,1.5304,1.407,1.2206,1.5295,1.4071,1.5577
NEM,0.504,0.7714,0.7531,0.6976,0.8353,0.8447,0.0832,0.7908,0.1055,-0.3936,-0.144,0.4842,-0.2642,-0.3436,-0.2851,-0.2589,0.7554,-0.5827,-0.3496,-0.6135,-0.6743,-0.5545,-0.7435,-0.3586
NUE,0.9833,0.96,1.0283,1.078,1.2249,1.3217,1.3148,1.0864,1.8222,1.807,2.1284,0.9724,2.1596,1.8139,1.6016,1.5871,1.1087,1.3063,1.4604,1.339,1.2341,1.3676,1.3502,1.4914
PKG,0.5452,0.4255,0.4627,0.5628,0.64,0.717,0.6241,0.5307,0.9773,1.2826,1.1666,0.5599,1.1484,1.3227,1.4755,1.4598,0.5978,1.4877,1.4277,1.4747,1.443,1.4743,1.4036,1.4026
PPG,1.138,1.1388,1.2001,1.264,1.2977,1.2426,1.4959,1.2214,1.5513,1.0197,1.6605,1.1133,1.195,1.0363,0.9479,0.9286,1.2622,0.5989,0.8758,0.591,0.6059,0.5628,0.8069,0.9016
SEE,1.3143,1.2916,1.3291,1.3856,1.2738,1.1739,1.0511,1.358,1.0755,0.8576,1.0285,1.2979,1.1542,1.0148,1.3182,1.3099,1.3262,1.2887,1.1797,1.2362,1.2449,1.2367,1.3033,1.188
SHW,0.9077,0.9585,0.9598,1.0247,1.0254,1.0276,0.9827,1.0433,1.0075,0.8899,0.9832,0.8869,0.8305,0.9342,1.1307,1.1265,1.0013,1.1378,1.1478,1.1442,1.129,1.1614,1.1502,1.158
VMC,0.3438,0.4758,0.5209,0.6811,0.7036,0.691,0.8966,0.6391,1.0197,0.6073,0.6217,0.3614,0.4173,0.66,0.8526,0.8397,0.6454,0.7414,0.8099,0.7411,0.7725,0.7586,0.5928,0.6923
WRK,0.8523,0.8282,0.892,1.0789,1.1244,1.3444,1.4249,0.9745,1.7341,1.5861,1.6723,0.8464,1.4355,1.5598,1.6815,1.655,1.0533,1.593,1.6263,1.5196,1.5639,1.5082,1.5341,1.6274
AAP,1.3794,1.6351,1.639,1.6861,1.707,1.5542,1.0931,1.8031,0.3632,0.6778,0.761,1.3884,0.4594,0.7521,0.7492,0.6743,1.8413,1.0164,0.7514,0.9767,0.8977,1.0591,0.9102,0.7654
AMZN,0.7629,0.9103,0.8719,0.7798,0.7425,0.8774,0.4344,0.8487,0.9818,1.2023,0.9202,0.75,1.2597,1.2405,1.4743,1.4883,0.7825,1.7046,1.5563,1.703,1.7226,1.7264,1.656,1.5575
APTV,2.0531,2.0851,2.1473,2.3057,2.5641,2.719,2.5286,2.3301,2.3428,2.6117,3.1675,2.0594,3.2519,2.6376,2.397,2.3942,2.4532,1.798,2.2444,1.8306,1.816,1.7853,1.98,2.2401
AZO,0.9599,1.1472,1.1467,1.1832,1.2695,1.1085,0.8576,1.2758,0.5047,0.1904,0.6987,0.9652,0.3386,0.2164,0.3708,0.3905,1.2755,0.4138,0.3901,0.4513,0.3399,0.5453,0.3871,0.3937
BBY,1.4331,1.8699,1.8774,1.9288,2.0322,2.1673,1.967,2.0959,2.0824,2.0672,2.6017,1.3729,2.2012,1.9982,1.8979,1.8705,2.0926,1.5125,1.7794,1.4969,1.5197,1.2843,1.7237,1.7329
BKNG,1.4673,1.2556,1.2624,1.2281,1.1547,1.127,1.3053,1.0642,1.1533,0.9147,1.1549,1.4787,0.9679,1.0136,0.9525,0.9592,1.0638,0.5735,0.954,0.5087,0.6519,0.4875,0.7724,0.939
BWA,1.4248,1.4898,1.4741,1.4804,1.6548,1.6243,1.7794,1.545,1.9078,1.9169,2.5527,1.406,2.3608,1.9659,1.7434,1.7006,1.5778,1.2771,1.5685,1.2095,1.346,1.329,1.4283,1.6064
CCL,2.9359,2.6169,2.648,2.7562,2.5533,2.3545,2.5899,2.5811,1.2499,1.2382,0.7361,2.9338,1.059,1.217,1.2308,1.2324,2.7991,1.7021,1.2477,1.6901,1.7405,1.7195,1.5828,1.253
CMG,1.4812,1.717,1.6916,1.6918,1.6306,1.5448,1.003,1.6392,0.8992,1.2194,0.6713,1.4804,1.1498,1.2495,1.1692,1.1953,1.6596,1.2652,1.2251,1.2605,1.1572,1.2333,1.1845,1.1645
CPRI,3.0618,2.5227,2.679,2.9519,3.2029,3.3106,3.1279,3.1661,2.4585,2.1232,3.2493,3.0881,2.7377,1.9267,1.9347,1.8234,3.3289,1.4424,1.783,1.392,1.3955,1.2913,1.7924,1.7727
DG,0.4422,0.4713,0.4627,0.5022,0.4349,0.3912,0.106,0.3757,0.0797,0.2222,-0.1608,0.4177,-0.0176,0.2685,0.2558,0.263,0.4202,0.2884,0.4273,0.3181,0.3213,0.4389,0.3975,0.4045
DHI,2.0116,2.2714,2.2147,2.3441,2.1633,1.994,1.5928,2.3694,0.6061,0.6525,0.0435,1.9607,0.3866,0.6455,0.9459,0.9324,2.3346,1.175,0.9924,1.075,1.2142,1.2167,1.1347,1.0071
DLTR,1.0012,0.7411,0.7549,0.7436,0.7885,0.6342,0.6168,0.7361,0.5784,0.2724,0.6475,0.9803,0.6866,0.4645,0.3914,0.3553,0.7558,-0.1963,0.2202,-0.1275,-0.1354,0.0072,0.2306,0.269
DRI,2.0956,2.2117,2.1958,2.476,2.3867,2.1934,1.7936,2.3822,0.7622,0.6706,0.2137,2.1186,0.4067,0.6493,0.6529,0.6681,2.4735,0.8012,0.7182,0.8753,0.7173,0.8813,0.7492,0.701
EBAY,1.1078,1.2633,1.2015,1.1887,1.3175,1.2464,0.6791,1.3209,0.472,1.1944,1.1749,1.0851,1.5056,1.235,1.3816,1.4082,1.3614,1.3132,1.3838,1.3329,1.3035,1.0838,1.268,1.2882
EXPE,2.2732,2.0313,2.0991,2.1514,2.1101,1.9883,1.9547,1.9755,1.0804,0.8925,1.2024,2.2599,1.1462,1.1549,1.0492,1.0436,2.0609,0.7006,0.9993,0.6476,0.7753,0.8594,0.8924,1.0593
F,1.4182,1.3991,1.5245,1.5963,1.5728,1.4095,1.9811,1.6186,1.8474,1.7303,1.4813,1.3881,1.6598,1.7219,1.3339,1.3446,1.5832,0.9584,1.246,0.8722,1.1761,0.8909,1.175,1.1736
GM,1.4958,1.2962,1.4243,1.5059,1.543,1.4582,1.8243,1.3689,1.5556,1.6233,1.9615,1.4534,2.0235,1.7086,1.2398,1.2435,1.4254,0.7124,1.1093,0.7843,0.7325,0.8709,0.8412,1.0499
GPC,1.1591,1.2272,1.2251,1.2929,1.3417,1.2466,1.0156,1.3561,0.672,0.6453,0.8214,1.156,0.6256,0.6633,0.5822,0.5424,1.378,0.6632,0.5078,0.6754,0.5103,0.7413,0.5338,0.5475
GPS,2.1154,2.4651,2.5662,2.642,2.3359,2.3896,2.6234,2.5861,2.014,1.1304,2.1962,2.0626,1.7811,1.115,0.9506,0.9026,2.657,0.2796,0.8136,0.2617,0.2758,0.2882,0.8733,0.7585
GRMN,0.8982,0.8854,0.9645,0.9172,0.9152,0.9311,1.0365,0.9111,0.9962,0.9474,1.1779,0.8953,1.0687,0.9593,0.9427,0.9383,0.9623,0.9854,1.006,0.9915,0.8899,0.8579,1.0764,0.9935
HAS,0.7748,0.7041,0.7131,0.8146,0.8817,0.8689,1.3925,0.763,2.0754,1.3207,1.439,0.7663,1.4229,1.3207,1.4774,1.4632,0.8005,1.1459,1.3487,1.2377,1.3388,1.2861,1.3377,1.3497
HBI,1.4282,1.9352,1.9694,2.0736,2.0673,2.1213,2.0463,2.1952,1.4194,2.3742,2.555,1.4227,2.561,2.4249,2.1486,2.1113,2.0466,1.6276,1.8221,1.6557,1.5662,1.4536,1.7268,1.8143
HD,0.916,1.0249,1.0098,1.0217,1.0054,0.9687,0.8508,0.969,0.6626,0.6478,0.5898,0.8883,0.6482,0.7472,1.0089,1.0105,0.9774,0.9301,1.0552,0.9198,0.96,1.0281,0.9803,1.0355
HLT,1.4964,1.4894,1.5421,1.5657,1.4844,1.3107,1.5429,1.4131,0.9359,0.6418,0.8274,1.5022,0.5768,0.6118,0.8129,0.8202,1.4424,0.8273,0.7417,0.8353,0.8401,0.7526,0.6527,0.7154
HOG,1.5653,1.4451,1.6961,1.6728,1.695,1.7124,1.9031,1.7392,1.325,1.4893,1.5422,1.5085,1.3525,1.6174,1.6472,1.5974,1.7134,1.5071,1.5159,1.5165,1.5026,1.5362,1.4976,1.5068
HRB,1.1378,1.1641,1.2434,1.4734,1.687,1.5629,1.6885,1.5598,1.2987,0.677,1.3537,1.0805,0.7607,0.7233,0.497,0.5041,1.5743,0.1513,0.4613,0.1349,0.3174,0.1636,0.3656,0.5261
JWN,3.6261,2.2033,2.3064,2.2016,2.2058,2.4463,2.5527,2.1178,1.4596,1.2415,2.0307,3.6526,1.4756,1.1366,0.5695,0.4922,2.2973,0.2826,0.6528,0.3385,0.1978,0.2598,0.6546,0.6597
KMX,2.0709,2.3577,2.3648,2.3213,2.3865,2.1133,1.8725,2.3916,1.0214,0.5033,0.7089,2.0623,0.2445,0.4905,0.6448,0.6309,2.4428,0.5267,0.6073,0.4913,0.6219,0.5811,0.4937,0.6037
KSS,2.846,2.396,2.5667,2.601,2.561,2.6742,2.7814,2.5839,1.6858,0.9872,2.2872,2.9024,1.8168,1.0521,0.7515,0.7198,2.7573,0.1687,0.7231,0.1662,0.176,0.1781,0.8091,0.7096
LB,2.0168,2.2052,2.1766,2.2855,2.1329,1.8173,2.3729,2.5389,1.5682,2.0478,1.9765,1.9634,2.1564,1.9503,1.4212,1.3494,2.0583,0.5469,0.9551,0.7215,0.4475,0.6874,0.5921,0.8441
LEG,1.5619,1.8117,1.8806,1.9668,2.0107,2.1579,1.9007,2.1165,1.5362,1.2313,1.4113,1.5635,1.4156,1.2857,1.3899,1.3529,2.0949,1.4033,1.3359,1.3555,1.2519,1.306,1.2662,1.2898
LEN,1.8505,2.1419,2.0827,2.248,2.0297,1.8697,1.6196,2.2592,0.4729,0.9744,-0.049,1.8315,0.8138,1.0091,1.0169,0.9885,2.2332,1.229,1.02,1.1212,1.2521,1.2034,1.1978,1.0168
LKQ,1.6363,1.7932,1.9306,1.8844,1.8178,1.8856,1.7927,1.8694,1.3982,1.4568,1.5207,1.6178,1.3334,1.4798,1.5324,1.4617,1.8937,1.5444,1.4881,1.5067,1.539,1.4283,1.6017,1.5033
LOW,1.2077,1.541,1.5193,1.5701,1.4594,1.4373,1.3075,1.5022,1.2326,0.8428,1.4285,1.1974,1.1382,0.8275,1.0769,1.0923,1.5029,1.1124,1.2412,1.1193,1.0689,1.2128,1.258,1.2447
LVS,1.3672,1.3321,1.3934,1.3885,1.4216,1.5648,1.8716,1.303,1.8478,1.361,2.175,1.3692,1.9574,1.4154,1.491,1.4779,1.3912,0.9861,1.3328,0.9502,1.0749,0.9284,1.2213,1.2688
M,3.1054,2.5,2.6293,2.6134,2.8304,2.6366,2.9271,2.7349,1.9861,0.9716,2.1208,3.0959,1.2719,0.9469,0.6729,0.6244,2.931,0.1582,0.3577,0.1197,0.1544,0.0089,0.2621,0.4069
MAR,2.22,2.012,2.0642,2.0813,2.0593,2.0388,2.2269,1.9369,1.6688,1.1671,1.9353,2.204,1.4937,1.0957,1.1645,1.1764,2.0222,0.8358,1.0798,0.8435,0.9132,0.7349,0.9602,1.0632
MCD,0.8099,0.9337,0.9179,0.9911,0.8652,0.8042,0.7171,0.8761,0.4007,0.2724,0.008,0.7926,0.0481,0.3066,0.2038,0.2204,0.8622,0.1315,0.2374,0.1513,0.1621,0.2344,0.2006,0.2202
MGM,3.1112,3.0905,3.117,3.2382,3.0958,2.9836,2.7833,2.9411,1.9887,1.5074,1.5181,3.1137,1.8002,1.4427,1.2923,1.3035,3.1036,1.0726,1.1728,0.9991,1.0789,1.1495,1.0298,1.1997
MHK,1.4971,1.3602,1.4491,1.5874,1.6993,1.5058,1.6632,1.4715,0.8054,0.9365,0.8344,1.5281,0.9331,1.0035,1.4072,1.3874,1.7203,1.521,1.4076,1.4739,1.5912,1.4625,1.2848,1.3364
NCLH,3.5462,3.5288,3.6045,3.8248,3.6179,3.3913,3.0093,3.5769,1.459,1.2735,0.4717,3.5478,0.9931,1.2978,1.6243,1.6256,3.8628,2.3105,1.6925,2.3308,2.2421,2.2981,2.0048,1.711
NKE,0.6841,0.6538,0.6145,0.7364,0.7312,0.7605,0.9624,0.6431,1.2482,0.9249,1.4718,0.6796,1.3629,0.9186,1.0744,1.0405,0.6917,0.8394,1.071,0.8543,0.8326,0.866,0.9939,1.0178
NVR,1.3026,1.5722,1.5709,1.616,1.4303,1.3088,1.3164,1.5883,0.4672,0.3642,0.1877,1.2949,0.3193,0.3831,0.6447,0.6476,1.4733,0.4947,0.6365,0.481,0.6556,0.6165,0.5568,0.5675
NWL,0.926,0.727,0.759,0.8614,0.854,0.9244,1.1172,0.7905,1.1163,1.0748,-0.0114,0.9121,0.49,1.202,1.5475,1.5096,0.8078,1.5959,1.5275,1.5478,1.5148,1.8171,1.3965,1.5387
ORLY,1.1915,1.4132,1.4119,1.4567,1.4255,1.3252,0.8602,1.5814,0.5116,0.1435,0.2685,1.1886,0.0467,0.1678,0.3255,0.3171,1.5473,0.6468,0.3807,0.6533,0.5496,0.7337,0.5663,0.441
PHM,1.944,2.2351,2.1929,2.3058,2.1325,1.8932,1.9364,2.4018,0.6839,0.3602,0.0207,1.9175,0.247,0.4062,0.4247,0.4047,2.2743,0.2956,0.4176,0.2193,0.434,0.4022,0.4183,0.3984
PVH,2.4772,2.324,2.3631,2.5539,2.6136,2.9017,3.0259,2.5712,2.7975,2.4956,3.5894,2.5098,3.2046,2.426,2.308,2.2438,2.6488,1.6389,2.1175,1.5079,1.674,1.473,2.1117,2.1252
RCL,3.6646,3.6849,3.6831,3.8095,3.5048,3.1315,2.8479,3.5399,1.8053,1.2618,0.8031,3.5961,1.2564,1.22,1.4432,1.4304,3.7059,1.9658,1.4144,1.9897,1.9286,2.0611,1.6811,1.4511
RL,1.5117,1.3037,1.3349,1.4019,1.6731,1.7738,2.128,1.5876,1.8145,1.6117,2.5067,1.5664,2.3033,1.5022,1.3062,1.2696,1.6527,1.0642,1.1625,0.9847,1.0122,1.0163,1.1795,1.2132
ROST,1.0712,0.7987,0.7717,0.8443,0.8827,0.8484,1.0976,0.8398,0.7198,0.8184,0.8431,1.1131,0.8963,0.7691,0.6634,0.6563,0.8228,0.5884,0.7122,0.5968,0.6062,0.6664,0.6894,0.7013
SBUX,1.055,1.0359,1.0556,1.1361,1.0866,1.0416,0.9569,1.0154,0.7444,0.5411,0.6153,1.0715,0.5315,0.5968,0.5539,0.6076,1.0217,0.4269,0.5571,0.4165,0.4256,0.4065,0.4898,0.5495
TGT,1.1804,1.1908,1.1668,1.2347,0.9477,0.8146,0.5619,0.9215,0.2889,0.3465,-0.2928,1.1512,-0.2316,0.1817,0.3369,0.3483,0.9502,0.8671,0.5936,0.9142,0.7824,0.8931,0.5771,0.6189
TJX,0.9864,0.7362,0.7039,0.7539,0.7399,0.7398,1.0007,0.7131,0.5619,0.9949,0.9187,1.0029,0.9819,0.9439,0.8158,0.8159,0.7195,0.9299,0.9264,0.9394,0.905,0.8981,0.9568,0.9134
TPR,1.5144,1.3408,1.6296,1.7768,2.0308,2.067,2.3523,1.9367,1.7798,1.7312,2.1626,1.5271,2.2258,1.704,1.6756,1.5584,1.9777,1.2177,1.4284,1.1194,1.2133,1.0768,1.3177,1.4279
TSCO,0.8615,0.9681,0.9232,0.9056,0.972,0.7915,0.4827,0.9987,0.6595,0.9301,0.926,0.8442,0.7427,0.9686,0.7592,0.81,0.9868,0.8849,0.8392,0.9336,0.8816,1.0384,0.8315,0.8215
UA,1.4795,1.3779,1.5747,1.8,1.9647,1.8949,2.1888,1.9972,2.0353,1.9403,1.3942,1.4625,1.6041,2.0787,1.6575,1.639,1.9653,1.6932,1.4971,1.7495,1.7137,1.5244,1.4139,1.3986
UAA,1.4236,1.2923,1.4811,1.7323,1.9272,1.8529,2.1931,1.9459,2.0479,1.9205,1.4951,1.4076,1.6718,2.0684,1.5911,1.5728,1.903,1.5419,1.4164,1.5667,1.5692,1.2754,1.2974,1.3172
ULTA,1.9183,1.6942,1.6722,1.7181,1.8699,1.6774,1.4832,1.7755,0.9828,1.7252,1.4304,1.9009,1.8574,1.781,1.5447,1.5324,1.8791,1.5403,1.2978,1.5242,1.4693,1.63,1.4418,1.2877
VFC,1.3036,1.1351,1.1292,1.2684,1.2703,1.2772,1.6196,1.2325,1.5378,1.4337,1.5678,1.2882,1.5879,1.4028,1.4631,1.4372,1.2794,1.4951,1.3744,1.4759,1.5328,1.5615,1.5073,1.4364
WHR,1.7498,2.0138,2.0314,2.1358,2.1695,2.1989,2.127,2.1947,1.8622,2.1311,2.1911,1.6937,2.4692,2.2954,2.1721,2.1409,2.061,1.5168,2.0326,1.5369,1.5182,1.5502,1.6802,1.9114
WYNN,2.7827,2.5976,2.6796,2.6485,2.7717,2.9593,2.9603,2.6033,2.7082,2.3434,3.3243,2.784,3.2478,2.4403,2.4661,2.4824,2.734,1.79,2.2717,1.6334,1.9995,1.5183,2.1562,2.2259
YUM,1.4872,1.525,1.5601,1.6064,1.5744,1.4576,1.1857,1.5512,0.8351,0.2241,0.2699,1.4799,0.2905,0.249,0.3053,0.3271,1.5681,0.1907,0.3988,0.1428,0.219,0.2082,0.3192,0.3817
ATVI,0.3757,0.3916,0.3439,0.2915,0.3461,0.4235,0.4552,0.3482,0.8435,0.6406,0.8717,0.4166,0.6037,0.6139,0.8119,0.789,0.3197,0.5915,0.8372,0.5905,0.6643,0.6489,0.6719,0.8056
CHTR,0.8386,0.8941,0.886,0.9121,0.8297,0.7425,0.726,0.8995,0.4298,0.9902,0.1424,0.8253,0.5788,1.0424,0.9111,0.9228,0.8348,1.1444,0.9443,1.2157,1.1333,1.2776,1.0363,0.9461
CMCSA,1.0118,0.8594,0.8251,0.8956,0.7957,0.7734,0.8626,0.863,0.7023,0.9187,0.6813,1.0123,0.6645,0.9732,0.664,0.6684,0.809,0.6535,0.6829,0.7032,0.6934,0.8305,0.8092,0.7233
DIS,1.3881,1.3147,1.3265,1.3401,1.2724,1.1542,1.4808,1.2658,1.5535,0.8282,1.3208,1.4601,0.9166,0.7039,0.6552,0.6846,1.2675,0.3442,0.6007,0.3781,0.5782,0.4465,0.6611,0.6367
DISCA,1.5723,1.3313,1.3269,1.3971,1.549,1.6132,1.9043,1.4339,1.9868,2.0676,2.3083,1.604,2.1321,1.8946,1.4916,1.5123,1.4781,1.0165,1.4561,1.1597,1.1268,1.2216,1.3824,1.4001
DISCK,1.6417,1.441,1.4443,1.5181,1.6435,1.6955,1.9692,1.5378,1.7485,1.923,2.1046,1.6626,2.022,1.7608,1.4272,1.455,1.6019,1.0182,1.4045,1.1968,1.1197,1.2615,1.3533,1.346
DISH,2.4622,2.1933,2.166,2.0883,2.1459,1.7418,1.6925,2.0823,0.6311,1.6007,0.4192,2.3933,1.0937,1.6696,1.7103,1.7146,2.2485,2.1207,1.7906,2.1504,2.1454,2.1591,1.8725,1.7266
EA,0.6331,0.6821,0.6282,0.5668,0.6649,0.6305,0.3508,0.6667,0.579,0.8315,0.4841,0.6611,0.9049,0.7981,1.2144,1.1996,0.6503,1.3992,1.1233,1.3511,1.2756,1.2808,0.9893,1.0676
FB,1.1618,1.3562,1.3706,1.3032,1.239,1.2271,1.1541,1.2741,1.2199,1.5372,1.3883,1.1363,1.9231,1.5314,1.4469,1.4744,1.2396,1.2632,1.4266,1.3323,1.4024,1.4125,1.3163,1.3152
FOX,1.229,1.3428,1.3325,1.4241,1.5314,1.4204,1.6534,1.4524,1.6381,1.5578,1.5569,1.223,1.574,1.3645,1.3763,1.3959,1.5409,0,1.1734,0.252,0,0.3031,0,1.1742
FOXA,1.1656,1.2604,1.2635,1.3458,1.431,1.3201,1.5752,1.361,1.6057,1.454,1.4497,1.158,1.4681,1.2619,1.2425,1.2666,1.4439,0,1.0655,0.2649,0,0.3143,0,1.0669
GOOG,0.9325,1.0058,1.0771,1.0111,0.9152,0.9488,0.8329,0.9967,0.6629,0.6236,0.4404,0.9124,0.6,0.6199,0.7414,0.7359,1.022,0.9182,0.7128,0.9598,0.879,1.0236,0.8871,0.7445
GOOGL,0.9286,1.002,1.073,1.0073,0.9171,0.953,0.847,0.9999,0.6858,0.6541,0.4826,0.9098,0.6307,0.6502,0.762,0.7564,1.0251,0.9375,0.7376,0.9736,0.9033,1.0554,0.9116,0.7662
IPG,1.1066,0.8796,0.9581,0.9509,1.0748,1.0546,1.4224,1.0731,1.076,1.2926,1.3789,1.1114,1.3787,1.2933,1.0306,1.0025,1.061,0.737,0.9402,0.7529,0.825,0.6254,0.8836,0.8918
LYV,1.5748,1.2177,1.2054,1.2317,1.0705,0.9748,1.4314,1.0178,1.1575,1.0979,1.0609,1.6003,0.9595,1.1688,1.0854,1.1185,0.9878,1.0089,1.0362,1.0524,0.9375,1.0315,1.0126,0.9966
NFLX,0.2847,0.3794,0.3307,0.2495,0.301,0.4196,0.2486,0.3201,0.5169,1.4988,1.3234,0.3063,2.0334,1.4386,1.5612,1.5973,0.2824,1.7437,1.6046,1.7108,1.7061,1.5874,1.562,1.4971
NWS,1.9449,1.6402,1.626,1.6362,1.5989,1.4297,1.5499,1.466,1.1816,1.2357,1.1316,1.906,1.1988,1.3387,1.1701,1.1731,1.4662,0.7819,1.1066,0.7643,0.7789,0.7566,0.7869,1.0715
NWSA,1.8383,1.5621,1.5474,1.5505,1.4947,1.3177,1.4982,1.3775,1.2318,1.2351,1.1686,1.8082,1.2748,1.3263,1.1151,1.1168,1.371,0.6574,1.0258,0.6423,0.6557,0.6511,0.729,0.9956
OMC,1.2123,0.8011,0.8116,0.8062,0.8885,0.8678,1.176,0.8214,0.961,0.6779,0.9276,1.2013,0.8453,0.6795,0.3819,0.3746,0.848,-0.075,0.314,-0.021,0.0323,0.0324,0.1515,0.235
T,0.7538,0.742,0.7542,0.7582,0.8369,0.8108,0.9608,0.7391,0.6222,0.6754,0.4418,0.7466,0.4441,0.7421,0.8152,0.7975,0.7759,0.8215,0.7977,0.8081,0.7846,0.7751,0.7016,0.7806
TMUS,0.5603,0.3043,0.2694,0.2316,0.1853,0.0931,0.0674,0.2178,-0.458,0.5624,0.1405,0.5481,0.3987,0.6355,0.5897,0.5943,0.2276,0.6969,0.63,0.6974,0.7155,0.7696,0.7029,0.5973
TTWO,0.5202,0.3605,0.3069,0.2684,0.1087,-0.116,-0.1669,0.2183,0.2481,-0.147,-0.9846,0.56,-0.7302,-0.19,0.0056,0.0249,0.0836,0.53,0.2349,0.6201,0.541,0.9548,0.1103,0.1819
TWTR,1.235,1.311,1.243,1.3963,1.0595,1.023,1.0787,1.3143,0.3817,0.9368,0.5124,1.2689,0.978,0.9105,0.4064,0.4337,1.1687,-0.0009,0.4806,0.0991,0.2163,-0.0571,0.3721,0.2369
VIAC,2.3514,2.4328,2.4812,2.6369,2.6122,2.2403,2.3252,2.7649,2.017,0,1.632,2.3447,1.6047,0,0,0,2.75,0,0,0,0,0,0,0
VZ,0.4521,0.4286,0.4188,0.439,0.4005,0.4606,0.3503,0.3914,0.6228,0.3914,0.4006,0.435,0.1959,0.4226,0.1892,0.1804,0.3596,0.1074,0.2508,0.1201,0.0577,0.2704,0.235,0.2705
A,0.7571,0.7043,0.7059,0.7177,0.7646,0.8147,0.8981,0.7371,1.2317,1.1973,1.5141,0.7405,1.5299,1.2017,1.2097,1.1892,0.7015,1.0248,1.2077,1.04,0.9349,1.0925,1.2046,1.2404
ABBV,0.8361,0.6374,0.6374,0.5507,0.5784,0.5171,0.4221,0.6465,0.034,-0.0828,0.3261,0.8306,-0.2905,-0.1329,0.2462,0.1828,0.7254,0.413,0.2426,0.5714,0.4105,0.4853,0.3756,0.2626
ABC,0.0641,-0.0364,-0.0478,-0.0655,0.1256,0.0369,-0.0297,0.033,0.1781,0.9818,0.1886,0.044,0.5558,0.9789,0.8859,0.8887,0.0542,1.132,0.9301,1.2035,1.0383,1.223,0.8066,0.8775
ABMD,1.3652,1.4921,1.46,1.3986,1.4636,1.2863,0.6095,1.7351,1.1603,0.7234,0.8647,1.4223,1.2762,0.7637,0.9689,0.9815,1.5986,1.2114,0.9199,1.143,1.1326,1.0891,0.8741,0.8097
ABT,0.6172,0.7242,0.703,0.713,0.711,0.7433,0.4785,0.6933,1.027,0.5256,0.8684,0.6083,0.6457,0.5465,0.6187,0.6366,0.6372,0.5407,0.5929,0.5577,0.4774,0.5656,0.5368,0.6171
ALGN,1.1609,1.2653,1.4794,1.6076,1.6733,1.6001,1.5765,1.8464,1.7562,1.5574,1.7605,1.1751,1.8595,1.5292,2.0465,2.0447,1.8772,2.7507,2.0682,2.7236,2.7695,2.6848,2.4644,2.1095
ALXN,0.7182,0.7913,0.8102,0.8429,1.0771,1.1298,0.8835,0.8389,1.5114,2.4241,2.3395,0.8162,2.6946,2.4334,2.384,2.4031,0.9487,2.2953,2.2358,2.3129,2.1985,2.2301,2.2825,2.2662
AMGN,0.5744,0.6762,0.6006,0.6178,0.6064,0.7555,0.4349,0.5423,0.8133,0.4416,0.7461,0.5794,0.224,0.3786,0.4432,0.4749,0.5565,0.5264,0.5858,0.5995,0.4327,0.5854,0.4894,0.6189
ANTM,1.0396,1.0186,1.0555,1.0619,1.1568,0.9991,0.4995,1.1709,0.263,0.7324,0.2625,1.0345,0.6252,0.6948,0.4978,0.5299,1.188,0.8469,0.4644,0.9309,0.7051,1.0577,0.5541,0.485
BAX,0.3611,0.4931,0.4674,0.4186,0.5166,0.5651,0.435,0.3889,0.6208,0.6457,0.4804,0.378,0.7144,0.6325,1.0524,1.0666,0.4098,1.1621,1.096,1.1711,1.0357,1.221,0.9719,1.051
BDX,0.4668,0.5253,0.5358,0.5278,0.6452,0.6847,0.597,0.717,0.9197,0.8459,0.497,0.4833,0.7299,0.8859,1.0043,1.0102,0.5841,1.1858,1.0447,1.1903,1.0973,1.3254,1.0443,1.0549
BIIB,-0.2773,-0.2624,-0.3049,-0.3606,-0.2387,-0.1323,0.0602,-0.3257,-0.0009,1.0092,0.9692,-0.2624,1.0632,1.0562,1.0328,1.0037,-0.3513,1.3897,1.0348,1.4755,1.3112,1.734,1.1184,1.1314
BMY,0.5846,0.581,0.5867,0.5638,0.4904,0.5706,0.5044,0.5029,0.4096,0.0162,0.142,0.5644,-0.1764,0.0457,0.3929,0.3689,0.5449,0.7327,0.4865,0.7558,0.6684,0.5767,0.5918,0.5373
BSX,0.8876,1.113,1.0813,1.0753,1.0734,0.9616,0.8134,1.0326,0.7148,0.5864,0.4794,0.9109,0.5132,0.5845,0.6348,0.6611,0.9751,0.8439,0.6819,0.8682,0.7473,0.9101,0.5759,0.6793
CAH,0.5538,0.3491,0.3458,0.2824,0.5595,0.6562,0.8647,0.4585,1.0377,1.8159,1.8388,0.5512,1.8172,1.7783,1.5859,1.5518,0.4481,1.2754,1.5434,1.3391,1.2652,1.2232,1.4675,1.5359
CERN,0.6458,0.6791,0.668,0.6857,0.7254,0.582,0.6648,0.6831,0.5555,0.6733,0.4782,0.6546,0.3903,0.6413,0.8162,0.8265,0.6986,1.0002,0.8169,1.0611,1.1447,1.0907,0.867,0.8244
CI,0.7454,0.4675,0.4865,0.457,0.677,0.7762,0.7726,0.5355,1.1019,1.1365,1.1319,0.7331,0.9791,1.0535,0.6803,0.6825,0.6514,0.5944,0.6609,0.7419,0.565,0.9653,0.6254,0.6773
CNC,0.229,0.2595,0.2848,0.2294,0.3188,0.1955,-0.1351,0.4424,0.3957,0.7352,-0.5181,0.2125,0.0552,0.6336,0.5859,0.6035,0.4571,1.6422,0.6655,1.5839,1.5469,1.7799,0.979,0.7019
COO,0.6624,0.7408,0.7119,0.8161,0.9305,0.7602,0.9326,0.7754,0.7491,0.8808,0.6537,0.6821,0.8464,0.8566,0.8931,0.9188,0.8028,0.9641,0.7975,0.9638,0.8729,1.0444,0.7481,0.844
CVS,0.6727,0.4567,0.4585,0.4198,0.4587,0.4682,0.566,0.4004,0.9361,0.8079,0.3422,0.6717,0.1519,0.7233,0.7181,0.7039,0.4589,0.9683,0.9276,1.0355,0.9887,1.3451,0.9445,0.9204
DGX,1.1812,1.4406,1.4917,1.5817,1.7659,1.6617,1.1578,1.8311,0.5662,0.5791,0.4165,1.1501,0.4618,0.5394,0.7608,0.7473,1.8222,0.8122,0.7672,0.7966,0.8804,0.8047,0.7084,0.7425
DHR,0.5433,0.775,0.7952,0.8473,0.8461,0.8332,0.5908,0.9231,0.7794,0.6979,0.6152,0.5192,0.6442,0.7022,0.8659,0.8744,0.8418,0.9496,0.838,0.9431,0.8866,0.8458,0.838,0.8372
DVA,0.6247,0.3771,0.3664,0.3382,0.7046,1.0339,1.4721,0.4764,2.2847,2.4619,3.0971,0.6295,2.6155,2.3081,1.9976,1.9997,0.43,1.3638,1.941,1.4057,1.3393,1.4295,1.5235,1.9089
EW,1.0811,0.9849,0.9512,0.9213,0.8152,0.8327,0.5937,0.839,0.5955,0.6297,0.2863,1.1063,0.4304,0.6713,0.9531,0.9742,0.7659,1.1052,0.9454,1.033,0.9123,1.0251,0.8686,0.8708
GILD,-0.0944,-0.1765,-0.2289,-0.2904,-0.0212,0.1578,-0.1686,-0.2124,0.1579,1.0581,0.7427,-0.1005,0.9806,1.0437,1.1052,1.1044,-0.1196,1.1658,1.0651,1.1565,1.1222,1.2913,1.0818,1.1238
HCA,1.7595,1.7413,1.7789,1.7763,1.7129,1.6981,1.6046,1.866,1.1552,1.2908,1.2646,1.7669,1.3111,1.3044,1.1083,1.111,1.6512,1.3898,1.0977,1.4284,1.2684,1.5206,1.1905,1.2206
HOLX,1.3897,1.7362,1.7588,1.9332,2.11,2.0568,1.3964,2.2699,1.0372,0.8718,0.8596,1.3849,0.8979,0.878,0.9028,0.9065,2.1903,0.7785,0.7756,0.8168,0.6799,0.8874,0.7533,0.798
HSIC,0.8571,1.0461,1.1134,1.0527,1.1289,0.945,1.1289,1.2078,1.0213,0.7688,0.7128,0.8674,0.4984,0.7072,0.6351,0.627,1.0873,0.4765,0.5369,0.4611,0.5443,0.684,0.5395,0.5948
HUM,0.6227,0.8351,0.8216,0.8316,0.9766,1.0089,0.7131,0.8966,1.0493,1.0701,1.0606,0.6148,0.9345,0.9507,0.8059,0.8411,0.9628,0.9188,0.8643,0.9224,0.8599,1.08,0.7953,0.8715
IDXX,0.6797,0.6733,0.7156,0.7334,0.7186,0.519,0.2979,0.8201,0.1892,0.5481,-0.2864,0.6864,0.2278,0.6845,0.9346,0.9679,0.6836,1.4478,0.9928,1.3881,1.4183,1.4197,1.0239,1.0494
ILMN,0.7159,0.7066,0.6822,0.567,0.9245,0.804,0.5661,0.7585,1.2476,0.9013,1.6005,0.7591,0.8008,0.8614,1.0546,1.0244,0.766,1.2266,1.0663,1.1918,1.1534,1.1281,0.9821,1.1862
INCY,0.6364,0.8577,0.8584,0.8219,1.0568,0.9896,0.135,0.9501,0.1229,0.9169,0.5778,0.6495,1.2029,0.8431,0.8247,0.869,1.0624,1.3434,0.9028,1.3399,1.1003,1.3266,0.8603,0.8689
IQV,1.5006,1.6385,1.6448,1.687,1.8275,1.7406,1.3185,1.7508,1.0632,0.9943,1.0596,1.498,1.1309,1.0248,1.0147,1.0409,1.7201,1.1642,1.0158,1.1703,1.0298,1.1759,0.9902,1.1392
ISRG,0.7264,0.7591,0.7249,0.7045,0.676,0.6627,0.7193,0.7243,0.9135,1.0951,1.1685,0.7611,1.1278,1.0644,1.0792,1.062,0.5757,1.2041,1.134,1.227,1.0188,1.2293,1.0643,1.1557
JNJ,0.661,0.7028,0.6633,0.6534,0.6804,0.7564,0.5963,0.6459,0.9412,0.8918,0.8683,0.6788,0.746,0.8791,0.677,0.6771,0.6448,0.6616,0.6869,0.6631,0.6306,0.7,0.747,0.7468
LH,1.0676,1.3269,1.3727,1.5023,1.6022,1.4579,1.0798,1.6958,0.229,0.9219,0.3392,1.061,0.5756,0.8873,0.9131,0.9167,1.6275,1.0972,0.9007,1.1169,1.1237,1.0072,0.8541,0.8742
LLY,0.3116,0.1861,0.1043,0.0832,0.1213,0.1854,-0.213,0.1183,0.2062,0.0355,-0.2573,0.3488,-0.0717,0.0274,0.0086,0.0154,0.2354,0.5474,0.0995,0.5793,0.3652,0.6709,0.3758,0.2033
MCK,0.5988,0.3579,0.3489,0.3303,0.4635,0.3341,0.3795,0.3346,0.3585,1.0004,0.3531,0.5801,0.8262,0.9473,0.9434,0.9558,0.3818,0.9748,0.956,1.0108,1.0007,1.1279,0.7954,0.8875
MDT,0.9032,0.8462,0.845,0.8605,0.7298,0.6462,0.6276,0.7174,0.4857,0.0869,-0.1966,0.9041,-0.3479,0.098,0.3189,0.3206,0.7015,0.6851,0.4044,0.6697,0.6128,0.7543,0.3976,0.4241
MRK,0.4548,0.4082,0.3655,0.3648,0.3153,0.2837,0.2366,0.2753,0.5445,0.1339,0.273,0.4559,-0.0286,0.1592,0.0785,0.0944,0.249,0.1717,0.126,0.1946,0.0712,0.2728,0.1207,0.1719
MTD,0.6345,0.5343,0.5439,0.5344,0.6855,0.6077,0.7598,0.6688,1.299,1.3646,1.5604,0.6043,1.5161,1.4325,1.466,1.4521,0.5472,1.2794,1.2938,1.3206,1.2303,1.3582,1.1937,1.2883
PFE,0.8482,0.764,0.764,0.766,0.7936,0.7027,0.3168,0.8953,0.5352,0.2506,0.2935,0.8218,0.1388,0.2564,0.2088,0.2017,0.7439,0.4113,0.1901,0.4518,0.3288,0.4807,0.2532,0.2702
PKI,0.878,1.0856,1.1007,1.1901,1.2612,1.2446,1.046,1.3439,1.1873,1.3586,1.4927,0.8852,1.6137,1.3209,1.3234,1.3165,1.2112,1.5023,1.4211,1.4913,1.4025,1.5383,1.464,1.4617
PRGO,0.6929,0.6107,0.599,0.498,0.8141,0.9483,1.0081,0.6475,1.4488,2.5693,1.5001,0.6598,1.8789,2.6362,2.1815,2.1121,0.7337,2.1229,1.9935,1.9972,2.07,1.9564,1.9643,2.0223
REGN,-0.4082,-0.2469,-0.3011,-0.4741,-0.2667,-0.1155,-0.5525,-0.2961,-0.5311,0.8029,1.2859,-0.4383,1.4666,0.6425,0.8056,0.8169,-0.2641,1.0774,0.897,1.0097,0.8002,1.2299,0.9922,0.9372
RMD,0.3444,0.2828,0.3549,0.3022,0.404,0.2944,0.3161,0.434,-0.11,-0.582,-0.3634,0.3345,-1.0469,-0.5756,-0.2587,-0.2408,0.4411,-0.0412,-0.1571,-0.0677,-0.0545,-0.0858,-0.2897,-0.1584
STE,0.3826,0.3385,0.3313,0.4439,0.5432,0.3745,0.5245,0.4433,0.1414,0.773,0.4904,0.364,0.4804,0.7632,0.7993,0.837,0.4309,1.0242,0.82,0.9933,0.9754,0.9578,0.7884,0.8545
SYK,0.9076,0.7815,0.7796,0.8793,0.9081,0.8656,0.7636,0.8338,0.6784,0.903,0.4552,0.912,0.7459,1.0123,1.0928,1.1142,0.7974,1.1975,1.14,1.1797,1.0895,1.1441,0.9981,1.0807
TFX,1.2319,1.1032,1.0887,1.0125,1.0711,0.9707,0.8472,0.9511,0.7327,0.5486,0.4316,1.2387,0.3885,0.5993,0.7772,0.8184,0.9819,0.7418,0.7411,0.7081,0.6441,0.7851,0.5493,0.724
TMO,0.5216,0.7263,0.7607,0.7961,0.7858,0.8014,0.5547,0.8282,0.8401,0.9586,0.8023,0.5049,0.8154,0.9768,0.937,0.9427,0.7506,1.0615,0.9531,1.0577,1.007,1.1119,1.0133,1.0267
UHS,1.1043,0.9554,0.9935,1.034,1.0112,1.0143,1.1357,1.0626,0.8968,1.2438,0.8554,1.1107,1.0624,1.3001,1.2539,1.2553,0.9217,1.452,1.2457,1.4018,1.3138,1.4503,1.2613,1.2553
UNH,0.6816,0.6931,0.6943,0.7078,0.7761,0.6985,0.3601,0.7938,0.5163,0.6214,0.1413,0.6822,0.2908,0.5531,0.4076,0.4313,0.8247,0.782,0.4404,0.8227,0.6926,1.0348,0.4898,0.4511
VAR,1.0674,1.3508,1.3566,1.3732,1.2272,1.1934,1.2389,1.3176,1.343,1.2434,1.2758,1.0467,1.5151,1.1851,0.8315,0.7896,1.2194,0.6499,0.6791,0.6057,0.5495,0.6869,0.6529,0.6951
VRTX,0.3287,0.2833,0.1463,0.0952,0.2485,0.2224,0.1029,0.0864,0.4162,0.8878,0.3949,0.3392,0.8033,0.8089,0.8841,0.9104,0.1853,1.2566,1.0157,1.2627,1.0876,1.3081,0.9804,1.0322
WAT,0.5987,0.6689,0.7603,0.7049,0.6477,0.6221,0.5925,0.7188,0.8248,0.9438,0.5847,0.6105,1.1972,0.9404,0.8894,0.879,0.5704,1.0199,0.8253,1.0372,0.7706,1.0703,0.804,0.8222
XRAY,0.9477,0.9889,1.0678,1.1103,1.2284,0.9825,1.0908,1.1591,0.7896,0.4919,0.2412,0.9514,0.4937,0.5231,0.7065,0.7121,1.1829,0.5831,0.4883,0.6192,0.5899,0.6667,0.502,0.5494
ZBH,1.369,1.4231,1.4318,1.4714,1.3764,1.3718,1.2768,1.4655,0.7632,0.8832,0.7447,1.3639,0.6255,0.8783,1.0648,1.0793,1.4217,1.2562,1.0629,1.2933,1.1604,1.2346,1.1935,1.1048
ZTS,0.607,0.7147,0.6913,0.7395,0.7013,0.6621,0.6592,0.6714,0.3561,0.511,0.3796,0.5965,0.155,0.6103,0.6044,0.6244,0.6181,0.618,0.6955,0.57,0.5869,0.4079,0.5631,0.6788
ADM,0.7005,0.713,0.7168,0.7733,0.8042,0.8743,1.0798,0.8191,1.6138,1.2223,1.4338,0.6865,1.3806,1.2189,1.104,1.0735,0.7914,0.9278,1.084,0.857,0.9377,0.9584,1.1111,1.1055
CAG,0.5454,0.6399,0.616,0.5512,0.5301,0.6886,0.633,0.6114,1.7601,1.8187,1.3673,0.5122,0.8905,1.7771,1.3721,1.3469,0.6091,1.3513,1.3397,1.2223,1.4525,1.096,1.4961,1.3296
CHD,0.6162,0.781,0.737,0.7385,0.5076,0.4176,0.3215,0.7661,0.1558,-0.0715,-0.1987,0.6024,-0.2121,-0.0455,0.045,0.0774,0.5788,0.1372,0.0906,0.127,0.1271,0.1526,0.2294,0.1052
CL,0.4604,0.412,0.4225,0.4124,0.3553,0.3745,0.3795,0.3878,0.584,0.6309,0.3081,0.4484,0.6004,0.6821,0.8595,0.872,0.3539,0.9227,0.867,0.8456,0.9449,0.9022,0.9545,0.8738
CLX,0.0224,0.1011,0.0697,-0.0123,0.0783,0.1231,-0.0898,0.1385,0.3417,0.4875,0.6912,0.0091,0.4251,0.5216,0.4616,0.4823,0.0984,0.4262,0.4976,0.4041,0.3579,0.4803,0.5157,0.4732
COST,0.4093,0.3436,0.3473,0.3726,0.3255,0.3676,0.3542,0.2814,0.6631,0.7686,0.3301,0.3967,0.3419,0.8008,0.7631,0.7839,0.2355,0.8731,0.8599,0.8606,0.8356,0.8808,0.8058,0.8588
COTY,3.3295,1.1684,1.3144,1.2004,1.4331,1.3364,1.5701,1.2689,0.3174,1.4768,0.5528,3.2844,0.7787,1.4989,1.5924,1.5578,1.4239,1.9734,1.3888,1.9325,1.8483,1.2714,1.3676,1.356
CPB,0.4657,0.4337,0.4213,0.3514,0.3664,0.4743,0.4425,0.2575,0.8359,1.0665,0.6638,0.4409,0.6494,1.1155,0.9131,0.9097,0.2836,0.673,0.9232,0.6277,0.6662,0.6757,0.8435,0.9099
EL,0.9564,0.9692,0.9748,1,0.9556,0.9066,0.9786,0.8538,0.9351,0.9421,1.1501,0.9672,0.8296,0.947,1.0071,1.0226,0.8546,0.8464,1.0623,0.7395,0.8396,0.5251,0.8751,0.9893
GIS,0.317,0.3669,0.3349,0.3013,0.3633,0.396,0.0837,0.3271,0.6432,0.9409,0.5986,0.2978,0.8999,0.9259,0.7748,0.778,0.3265,0.7742,0.7527,0.8548,0.7221,0.9361,0.7775,0.7628
HRL,-0.0458,0.0568,0.04,-0.0141,-0.0298,-0.0081,-0.1359,-0.0095,0.4996,0.2012,-0.0188,-0.053,-0.0195,0.1267,-0.1154,-0.122,-0.0485,-0.065,-0.0312,-0.0979,-0.1975,0.0082,-0.0994,-0.0601
HSY,0.5365,0.4935,0.4745,0.4689,0.327,0.2136,0.434,0.4129,0.1774,-0.0669,-0.3292,0.5427,-0.3892,-0.0569,-0.0471,-0.0236,0.3203,-0.0016,-0.0247,0,0.058,0.0955,0.0074,-0.0266
K,0.5134,0.5835,0.5749,0.5074,0.4174,0.5867,0.6006,0.447,1.0488,0.7465,0.6821,0.4924,0.5513,0.7316,0.7545,0.7475,0.4473,0.7937,0.8443,0.765,0.8066,0.8329,0.8793,0.835
KHC,0.9247,0.9334,0.9769,0.8555,1.0868,1.2465,1.007,1.0545,2.0037,1.5313,1.7311,0.926,1.7605,1.58,1.1379,1.0891,1.0433,0.5961,0.9913,0.5875,0.6287,1.0579,0.7504,0.9631
KMB,0.5585,0.5893,0.5276,0.4894,0.4347,0.4208,0.3677,0.458,0.5377,0.094,0.2133,0.5416,0.0201,0.1103,0.3693,0.3742,0.416,0.3987,0.3842,0.3838,0.3906,0.402,0.4242,0.4208
KO,0.7523,0.7374,0.7395,0.7882,0.7095,0.652,0.8613,0.7176,0.5076,0.271,-0.0205,0.7643,0.0179,0.311,0.2135,0.2235,0.6918,0.1398,0.19,0.1224,0.1719,0.334,0.1886,0.2182
KR,0.0614,0.0948,0.0422,-0.0394,-0.1813,0.0048,-0.0697,-0.0952,0.138,0.5541,0.6243,0.0364,0.4883,0.4512,0.3162,0.2791,-0.0889,0.4118,0.4926,0.572,0.4525,0.6693,0.665,0.513
LW,1.14,1.1127,1.1215,1.2336,1.2691,1.4247,1.7111,1.1808,0.9946,0.5911,0.9647,1.1602,0.6637,0.5336,0.0276,0.0186,1.3011,-0.5163,0.0217,-0.5701,-0.575,-0.3551,-0.1085,0.0306
MDLZ,0.533,0.495,0.4495,0.4562,0.3899,0.3655,0.4573,0.3996,0.5323,0.8511,0.2022,0.5286,0.66,0.902,0.8776,0.8892,0.336,1.0421,0.8571,1.0627,0.9861,1.067,0.9088,0.8717
MKC,0.6833,0.7982,0.7555,0.7342,0.6103,0.4691,0.342,0.7241,0.5614,0.0514,0.1371,0.6883,-0.4587,0.0227,-0.1769,-0.1566,0.6766,-0.1912,-0.1204,-0.1946,-0.1963,-0.2378,-0.056,-0.1247
MNST,0.9067,0.9538,0.9201,0.8976,0.8827,0.6606,0.7142,0.9746,0.586,1.3101,0.6379,0.917,1.0542,1.3154,1.3263,1.3388,0.9053,1.6292,1.2612,1.7235,1.6603,1.658,1.4065,1.2643
MO,0.6605,0.624,0.6095,0.5428,0.4704,0.5462,0.6235,0.5525,1.1895,0.7293,1.0017,0.6736,0.6864,0.5969,0.2063,0.2174,0.5262,0.1264,0.1805,0.0907,0.0366,0.1158,0.2626,0.207
PEP,0.6332,0.6056,0.5928,0.6167,0.5623,0.5499,0.4887,0.5798,0.3564,0.3918,0.0037,0.6369,0.0143,0.4426,0.4061,0.4124,0.5717,0.4944,0.4147,0.4789,0.4894,0.5616,0.4825,0.4433
PG,0.4493,0.5226,0.5208,0.539,0.4702,0.5308,0.5416,0.5071,0.7635,0.4653,0.4616,0.4402,0.4467,0.5319,0.3564,0.3588,0.4445,0.189,0.3359,0.192,0.1611,0.3339,0.3071,0.3303
PM,0.5186,0.4969,0.4836,0.4516,0.4945,0.6243,0.7829,0.547,0.8759,1.7781,1.4715,0.55,1.5612,1.8066,1.2777,1.2595,0.4806,1.1157,1.0469,1.1067,1.0082,0.951,1.1531,1.0628
SJM,0.1172,0.0576,0.0308,-0.0188,-0.1607,-0.153,-0.3011,-0.0916,-0.0059,0.6865,0.0264,0.1089,0.4311,0.6978,0.4789,0.4667,-0.1318,0.5623,0.3636,0.5351,0.5817,0.4776,0.5652,0.3832
STZ,1.248,1.0209,0.9578,1.039,1.0777,1.174,1.3665,0.9916,1.4685,1.5721,1.6366,1.2542,1.4788,1.6297,1.5528,1.5572,1.0147,1.0672,1.5704,0.945,1.2897,0.9424,1.4646,1.515
SYY,1.9533,1.7874,1.7713,1.9027,1.7522,1.6859,1.6038,1.7341,1.0129,0.4387,0.3225,1.9434,0.1796,0.4399,0.4345,0.4128,1.8285,0.5922,0.5717,0.5887,0.6323,0.6044,0.5881,0.5555
TAP,1.4968,1.5475,1.5954,1.5956,1.7208,1.8717,1.1579,1.7292,0.721,0.8867,0.7193,1.5254,0.8948,1.0146,0.9918,0.9985,1.8167,0.9818,1.046,0.9379,1.0157,1.1112,1.0829,1.0125
TSN,1.0529,0.9845,0.9953,1.0253,0.8845,0.7952,0.9508,0.852,0.8702,0.725,0.0291,1.0435,0.3299,0.6801,0.6524,0.6986,0.8466,0.7747,0.8587,0.7341,0.8243,0.7207,0.717,0.7163
WBA,0.2894,0.0909,0.0835,0.0522,0.2725,0.3293,0.4575,0.1212,0.9351,1.2267,1.0593,0.3143,0.9559,1.163,0.6872,0.6537,0.1482,0.7119,0.6504,0.7766,0.5134,0.9021,0.5981,0.7331
WMT,0.3567,0.2717,0.259,0.2624,0.2153,0.232,0.1801,0.1845,0.6128,0.452,0.5105,0.3279,0.3667,0.4549,0.2736,0.2677,0.1256,0.135,0.3376,0.1527,0.1751,0.3295,0.26,0.3496
AIV,1.2235,0.9718,0.9891,1.0007,0.9956,0.8852,0.9564,1.0473,0.1824,0.4534,-0.3076,1.2932,0.1991,0.5161,0.5159,0.5169,1.0509,0.8343,0.5465,0.7772,0.7515,0.9123,0.6403,0.535
AMT,0.3666,0.429,0.3996,0.3898,0.3807,0.2366,0.0178,0.4187,-0.2614,0.0054,-0.7257,0.3446,-0.3552,0.0567,-0.0186,0.0099,0.4482,0.2951,0.0239,0.2464,0.2268,0.3473,0.1269,0.0202
ARE,0.7374,0.7432,0.727,0.7111,0.6659,0.6321,0.401,0.8132,0.1591,0.4802,-0.2878,0.7642,0.1956,0.4925,0.5177,0.5142,0.7773,0.8491,0.5098,0.7906,0.7959,0.8558,0.6498,0.4942
AVB,1.2205,1.0517,1.0521,1.0817,1.0312,0.9689,0.9825,1.0358,0.2529,0.5094,-0.1531,1.2043,0.2466,0.5695,0.5887,0.5906,1.0787,0.8633,0.6058,0.7903,0.8025,0.9358,0.7043,0.6016
BXP,1.3988,0.9655,0.9598,0.9724,0.9851,1.044,1.2966,1.0175,0.7221,1.1158,0.4282,1.3804,0.9393,1.1641,1.0057,1.0069,1.0587,1.1984,0.9977,1.1313,1.1659,1.1984,1.1326,0.9712
CBRE,1.424,1.3406,1.4135,1.4892,1.586,1.6351,1.9083,1.4619,1.433,1.404,1.6964,1.4093,1.683,1.4158,1.4147,1.422,1.5561,1.2112,1.3696,1.1764,1.2075,1.0391,1.3114,1.3658
CCI,0.3459,0.2885,0.2449,0.2726,0.2867,0.2123,-0.0447,0.2721,-0.0414,0.1265,-0.51,0.3144,-0.1703,0.1935,0.2765,0.3003,0.3108,0.629,0.3584,0.6028,0.544,0.6352,0.4259,0.3578
DLR,-0.2308,-0.1501,-0.1769,-0.2571,-0.3385,-0.2336,-0.5811,-0.2393,-0.0763,0.1687,-0.2883,-0.2162,-0.1988,0.2564,0.4586,0.4423,-0.3542,0.8099,0.5215,0.7313,0.748,0.8302,0.6577,0.5778
DRE,0.3373,0.4045,0.4273,0.3945,0.4008,0.4428,0.4256,0.481,0.7127,0.8461,0.3553,0.3514,0.6888,0.8861,0.8336,0.8367,0.3886,0.8853,0.7959,0.8013,0.8566,0.8855,0.7884,0.7682
EQIX,0.0589,0.1823,0.143,0.085,-0.0067,-0.0612,-0.3024,0.0594,-0.1393,0.3917,-0.4987,0.0588,-0.1335,0.4297,0.7352,0.7351,-0.0215,1.1632,0.7847,1.0577,1.1107,1.1342,0.845,0.7784
EQR,1.0166,0.7105,0.7073,0.6953,0.6165,0.6151,0.6854,0.5482,0.2305,0.3774,-0.3256,1.0305,0.0634,0.4658,0.4898,0.4922,0.6413,0.7733,0.5448,0.6635,0.7335,0.8156,0.6486,0.5381
ESS,1.0724,0.8518,0.9052,0.9187,0.9138,0.8061,0.7222,0.8803,0.0454,0.2794,-0.5074,1.0596,-0.0475,0.3573,0.3251,0.3281,0.9426,0.5811,0.3576,0.493,0.5073,0.5523,0.4081,0.3381
EXR,0.1128,0.1771,0.2251,0.2563,0.0545,-0.0929,0.1488,0.1549,0.0619,0.1239,-0.6547,0.1219,-0.1934,0.2086,0.1675,0.1926,0.0452,0.3273,0.2027,0.2833,0.317,0.3309,0.1852,0.1399
FRT,1.5225,1.2585,1.2757,1.3128,1.3102,1.2383,1.2605,1.2738,0.3104,0.6809,0.0837,1.5114,0.4711,0.7471,0.686,0.6684,1.4094,0.9117,0.6746,0.8702,0.8199,0.9687,0.7691,0.649
HST,1.4682,1.1195,1.1408,1.1821,1.2075,1.187,1.2504,1.1899,1.0511,1.011,1.1272,1.465,1.0244,0.9676,1.0075,0.9724,1.2135,1.1625,0.9547,1.1304,1.142,1.1643,1.0198,0.9458
IRM,0.8293,0.8704,0.8782,0.8351,0.6828,0.6396,0.7272,0.7343,0.2083,0.4574,0.0393,0.8559,0.5709,0.5207,0.7049,0.6951,0.6875,0.9234,0.7881,0.847,0.7835,1.0786,0.8119,0.7883
KIM,2.1097,1.7216,1.7348,1.789,1.8722,1.7101,1.801,1.7645,0.6567,0.8863,0.4056,2.1144,0.7041,0.9335,0.8753,0.8352,1.9612,1.0139,0.7915,1.0446,0.8935,1.1201,0.7678,0.7586
MAA,0.8325,0.8257,0.8653,0.9028,0.8808,0.7549,0.7684,0.9041,0.0939,0.3215,-0.4067,0.83,-0.151,0.3856,0.3987,0.3996,0.9041,0.6664,0.4496,0.593,0.6291,0.7341,0.4727,0.4384
O,1.091,1.1817,1.1978,1.2493,1.1228,1.0217,1.0078,1.1934,0.0098,0.0874,-0.55,1.1024,-0.084,0.1814,0.0543,0.0486,1.2343,0.3297,0.1131,0.2886,0.2158,0.4481,0.2216,0.1262
PEAK,0.9991,0.9926,1.0273,1.0744,0.9601,0.8255,0.7759,0.9936,-0.0844,0.0711,-0.9806,1.0105,-0.3226,0,0,0,1.0455,0,0,0,0,0,0,0
PLD,0.4811,0.5937,0.5894,0.5957,0.6427,0.6786,0.6941,0.6739,0.9293,1.2247,0.6645,0.4768,1.0606,1.2472,1.1953,1.2009,0.5986,1.204,1.2064,1.1339,1.2189,1.2348,1.1736,1.1715
PSA,0.0911,0.1363,0.1441,0.2216,0.0438,-0.1621,-0.0018,0.0617,-0.2322,-0.1,-0.8506,0.0996,-0.4593,-0.036,0.009,0.0426,0.0133,0.2452,0.0633,0.1998,0.2402,0.2413,0.0325,0.0251
REG,1.4871,1.1994,1.2102,1.2597,1.3508,1.2421,1.2059,1.2911,0.308,0.5968,0.1095,1.4859,0.4452,0.6438,0.6133,0.5891,1.4309,0.7886,0.6002,0.7608,0.7329,0.8566,0.6849,0.6029
SBAC,0.0441,0.0892,0.0219,0.0506,0.0653,-0.0252,-0.2144,0.0506,-0.406,0.3062,-0.4964,0.0308,-0.0231,0.3654,0.3756,0.4246,0.0343,0.509,0.3905,0.3962,0.4783,0.5645,0.3408,0.3209
SLG,2.085,1.8002,1.8172,1.9321,1.8551,1.896,1.7947,1.9568,0.6636,0.9901,0.0414,2.0818,0.6124,1.0064,0.9488,0.9377,2.0781,1.4236,0.9598,1.3751,1.354,1.4337,1.1919,0.9671
SPG,2.1975,2.0016,2.0634,2.1611,2.0684,2.0255,1.9556,2.1143,0.4524,0.7166,0.5186,2.2013,0.662,0.7146,0.4891,0.471,2.2395,0.6373,0.4704,0.6357,0.539,0.7311,0.5863,0.4856
UDR,0.9196,0.6141,0.6358,0.6305,0.6319,0.5892,0.6912,0.6266,0.139,0.4639,-0.2179,0.9169,0.2197,0.5522,0.5442,0.552,0.6664,0.8124,0.5879,0.7541,0.751,0.8972,0.6988,0.5859
VNO,1.7831,1.5483,1.5591,1.6093,1.591,1.6231,1.5524,1.5891,0.9762,0.9135,0.2713,1.752,0.6872,0.9575,0.9205,0.901,1.7288,1.2421,0.9428,1.2008,1.2194,1.3483,1.0913,0.9093
VTR,1.9924,1.9314,1.9362,2.0901,1.9509,1.6388,1.489,1.9664,-0.1055,0.1782,-0.6343,1.984,-0.1176,0.3109,0.2102,0.2193,1.9874,0.4684,0.3077,0.4403,0.3753,0.7178,0.2144,0.2862
WY,1.7342,1.9734,1.9838,2.006,1.9093,2.0754,1.9611,2.0011,1.5635,1.8001,1.5831,1.7699,1.8047,1.851,1.9142,1.8963,1.8724,1.7699,1.9486,1.6754,1.7566,1.7464,1.7406,1.8839
AEE,0.1933,0.3007,0.3155,0.3322,0.2752,0.2333,0.3324,0.36,0.1372,0.2848,-0.0979,0.1895,0.152,0.3585,0.3122,0.305,0.243,0.3865,0.3031,0.3445,0.3349,0.4229,0.3197,0.2999
AEP,0.3043,0.4436,0.5161,0.5849,0.6136,0.5362,0.6616,0.6673,0.5332,0.2558,-0.1713,0.2914,0.0774,0.317,0.2454,0.2455,0.6096,0.3128,0.2586,0.2744,0.3025,0.328,0.2991,0.2619
AES,0.7813,0.9116,0.9743,1.0251,0.9127,0.9856,1.3963,0.9607,1.4494,1.1318,1.2088,0.8198,1.346,1.084,0.7987,0.7841,0.9443,0.6376,0.6925,0.6153,0.5245,0.7283,0.6751,0.663
ATO,0.4255,0.3768,0.3674,0.3513,0.3918,0.3647,0.4223,0.4091,0.5299,0.2589,0.0141,0.4171,0.1723,0.3264,0.342,0.3377,0.366,0.3919,0.3287,0.3463,0.3527,0.3982,0.3191,0.3226
AWK,0.2733,0.3091,0.3251,0.3564,0.2487,0.1545,0.2305,0.3583,0.1159,0.1521,-0.4974,0.2637,-0.212,0.2079,0.2433,0.2666,0.2497,0.4338,0.3033,0.4076,0.442,0.425,0.3539,0.3096
CMS,0.1226,0.175,0.1974,0.2225,0.1752,0.1277,0.2998,0.2317,0.3176,0.2126,-0.3235,0.115,-0.0536,0.2864,0.2759,0.2813,0.1538,0.4284,0.3385,0.3688,0.3953,0.4232,0.3566,0.3374
CNP,1.3207,1.3184,1.411,1.4641,1.3864,1.2888,1.4112,1.4378,0.7402,0.3183,0.4323,1.2719,0.6679,0.4801,0.4922,0.4631,1.4664,0.3853,0.4119,0.3734,0.3452,0.4638,0.4805,0.4191
D,0.354,0.4702,0.4909,0.5283,0.6096,0.5529,0.5752,0.5682,0.5606,0.2633,0.3583,0.3378,0.1588,0.2842,0.2328,0.2181,0.6036,0.1253,0.2244,0.2095,0.1141,0.1703,0.2432,0.258
DTE,0.7839,0.8996,0.9581,0.9895,0.9171,0.8156,0.8225,0.9773,0.7082,0.4652,0.1148,0.7609,0.2916,0.5176,0.4192,0.4157,0.9434,0.5154,0.4232,0.4745,0.4822,0.515,0.4866,0.4405
DUK,0.3268,0.3471,0.3756,0.4993,0.4846,0.509,0.5748,0.499,0.3072,0.2121,0.1185,0.3137,0.1766,0.2963,0.2223,0.2171,0.4618,0.1321,0.265,0.12,0.1264,0.1603,0.2817,0.2801
ED,0.1177,0.1451,0.1576,0.264,0.2463,0.2415,0.3201,0.2859,0.5399,0.1678,-0.1288,0.0952,-0.0903,0.2464,0.2742,0.2582,0.2237,0.3503,0.2891,0.3048,0.347,0.3103,0.3249,0.2917
EIX,0.7561,0.7608,0.8282,0.8709,1.0742,1.125,1.4093,0.9609,1.4459,0.4745,1.3332,0.7527,0.9104,0.3532,0.3245,0.312,0.9635,-0.2507,0.2484,-0.3126,-0.2064,-0.3276,0.029,0.2556
ES,0.3471,0.4149,0.4449,0.4412,0.4439,0.3598,0.4461,0.4967,0.1634,0.1916,-0.3618,0.3366,-0.0632,0.2442,0.2191,0.2026,0.4535,0.3378,0.2327,0.3028,0.3159,0.4662,0.2709,0.2416
ETR,0.7662,0.7374,0.7792,0.8183,0.81,0.6994,0.9808,0.8474,0.4853,0.1617,-0.0777,0.7261,0.0159,0.2329,0.1905,0.1882,0.7729,0.1788,0.2374,0.1531,0.1678,0.162,0.1695,0.2197
EVRG,0.4934,0.5562,0.6227,0.622,0.7311,0.6329,0.6986,0.782,0.3076,0.0738,-0.3534,0.4879,-0.2121,0.1016,0.1016,0.0993,0.7345,0.2212,0.1667,0.1286,0.1999,0.2698,0.122,0.1572
EXC,0.4958,0.5071,0.59,0.6064,0.541,0.4979,0.6576,0.6014,0.4002,0.3002,0.1148,0.4993,0.3369,0.3407,0.3212,0.3184,0.5514,0.4069,0.3793,0.3638,0.3814,0.4305,0.4601,0.3753
FE,0.1367,0.2815,0.3336,0.3845,0.5747,0.5361,0.6832,0.2994,0.5908,0.2146,0.0943,0.1999,0.1641,0.2481,0.264,0.2555,0.5447,0.28,0.3201,0.2401,0.2556,0.2393,0.2889,0.2897
LNT,0.3445,0.5075,0.5616,0.541,0.4433,0.4118,0.5721,0.5267,0.5321,0.4035,-0.0922,0.3299,0.1291,0.4463,0.3874,0.3869,0.4277,0.4418,0.3991,0.3835,0.4293,0.4183,0.4119,0.3978
NEE,0.2241,0.2759,0.3032,0.2903,0.2007,0.1076,0.3483,0.3048,0.1874,0.194,-0.2225,0.2302,-0.1087,0.2455,0.206,0.193,0.1764,0.2918,0.2248,0.2226,0.2655,0.2388,0.2083,0.2103
NI,0.2833,0.2039,0.2461,0.271,0.3295,0.337,0.3921,0.363,0.2944,0.3006,-0.0676,0.2575,0.2385,0.3781,0.316,0.3184,0.2863,0.4091,0.3228,0.3697,0.3487,0.4821,0.3016,0.3067
NRG,1.1557,1.2954,1.3558,1.3225,1.2996,1.3932,1.069,1.3096,1.002,0.4078,1.024,1.2008,0.855,0.4475,0.4578,0.4287,1.3258,0.3626,0.5717,0.2042,0.2789,0.2961,0.6102,0.5832
PEG,0.611,0.7032,0.7574,0.861,0.7994,0.7524,0.595,0.9235,0.4667,0.3328,-0.0227,0.6072,0.1059,0.4227,0.357,0.3518,0.8281,0.419,0.3865,0.3774,0.393,0.4035,0.395,0.3445
PNW,0.3862,0.427,0.5033,0.5602,0.5416,0.4841,0.6122,0.6659,0.2245,0.2428,-0.1391,0.3712,0.1045,0.3357,0.2249,0.2267,0.547,0.232,0.2121,0.2065,0.2069,0.2176,0.2668,0.2089
PPL,0.806,0.8952,0.9319,0.9775,1.0037,0.9151,1.1734,0.9753,1.1562,0.7529,0.6465,0.7965,0.7997,0.7684,0.5477,0.5231,0.9853,0.448,0.5373,0.4529,0.3986,0.5788,0.5196,0.5354
SO,0.496,0.4941,0.5444,0.6129,0.6364,0.5872,0.7358,0.6373,0.6165,0.54,-0.0988,0.4977,0.2617,0.5914,0.494,0.4855,0.6175,0.5044,0.4043,0.4643,0.5023,0.4999,0.4491,0.4195
SRE,0.7974,0.9195,0.9782,1.0022,0.9961,0.8921,0.9647,1.0057,0.5987,0.399,-0.062,0.7913,0.1733,0.4194,0.495,0.4874,0.9881,0.5716,0.4941,0.5292,0.5511,0.4927,0.4854,0.4745
WEC,0.1612,0.2757,0.2984,0.3419,0.2425,0.1987,0.2109,0.2755,0.0144,0.0886,-0.5464,0.1423,-0.2689,0.1779,0.1792,0.1955,0.2142,0.3937,0.2711,0.3545,0.3449,0.4159,0.2811,0.2679
XEL,0.28,0.4094,0.4168,0.4293,0.359,0.3289,0.3122,0.403,0.3497,0.3004,-0.1935,0.2694,0.058,0.37,0.2992,0.3054,0.3305,0.3878,0.3448,0.3347,0.3576,0.3926,0.3471,0.3437
